record_id,year,exam,round,category,home_region,university_quota,stream,branch,college_code,college_name,college_type,city,district,state,naac_grade,naac_score,nirf_rank,fees_per_year,total_seats,category_seats,student_percentile,student_rank,aptitude_score,aptitude_stream_suitability,closing_percentile,closing_rank,previous_year_closing_percentile,previous_year_closing_rank,cutoff_trend_3yr,admission_probability
1,2024,MHT CET,CAP Round 2,VJNT,Mumbai University,Other University,Engineering,Cyber Security,03139,"Vidyalankar Institute of Technology, Wadala, Mumbai",Private,Mumbai,Mumbai,Maharashtra,A+,3.32,340,155000,720,4,83.88,40437,72,Technology,89.7,26161,88.9,28086,Increasing: 87.80->88.90->89.70,Low
2,2023,JEE,CAP Round 1,OPEN,Pune University,All India,Engineering,Electronics and Telecommunication Engineering,06277,"Bharati Vidyapeeth College of Engineering, Pune",Private,Pune,Pune,Maharashtra,A+,3.4,250,140000,720,31,99.95,1951,77,Technology,98.0,25143,96.9,37695,Increasing: 96.90->98.00->98.80,Medium
3,2023,MHT CET,CAP Round 1,VJNT,Pune University,Home University,Engineering,Cyber Security,06283,"Indira College of Engineering and Management, Pune",Private,Pune,Pune,Maharashtra,B++,2.9,520,110000,540,4,75.39,61844,75,Technology,78.4,54243,77.3,56844,Increasing: 77.30->78.40->79.20,Low
4,2022,MHT CET,CAP Round 2,OBC,Mumbai University,All India,Engineering,Mechanical Engineering,03121,"Pillai College of Engineering, Mumbai Region",Private,Mumbai,Mumbai,Maharashtra,A,3.05,410,133000,660,18,79.43,51737,67,Mechanical,81.4,47041,80.6,48592,Increasing: 81.40->82.50->83.30,Medium
5,2022,MHT CET,CAP Round 3,OBC,Mumbai University,All India,Engineering,Information Technology,03117,"Watumull Institute of Electronics Engineering and Computer Technology, Worli, Mumbai",Private,Mumbai,Mumbai,Maharashtra,B+,2.68,545,113000,360,8,78.94,53122,89,Technology,77.7,56095,76.9,58263,Increasing: 77.70->78.80->79.60,Medium
6,2024,JEE,CAP Round 2,OBC,Pune University,All India,Engineering,Electrical Engineering,06274,"MIT World Peace University School of Engineering, Pune",Private,Pune,Pune,Maharashtra,A+,3.42,199,280000,840,29,93.4,79250,71,Technology,95.0,60196,94.2,69905,Increasing: 93.10->94.20->95.00,Medium
7,2024,JEE,CAP Round 3,EWS,Mumbai University,All India,Engineering,Mechanical Engineering,03113,"Rajiv Gandhi Institute of Technology, Andheri, Mumbai",Private,Mumbai,Mumbai,Maharashtra,B++,2.94,485,120000,540,9,79.16,250297,81,Mechanical,80.8,231070,80.0,240430,Increasing: 78.90->80.00->80.80,Medium
8,2022,MHT CET,CAP Round 3,OBC,Mumbai University,Other University,Engineering,Electronics and Telecommunication Engineering,03139,"Vidyalankar Institute of Technology, Wadala, Mumbai",Private,Mumbai,Mumbai,Maharashtra,A+,3.32,340,155000,720,19,83.88,40356,80,Technology,86.9,33114,86.1,35166,Increasing: 86.90->88.00->88.80,Low
9,2023,MHT CET,CAP Round 1,OPEN,Mumbai University,Other University,Engineering,Robotics and Automation,03116,"St. Francis Institute of Technology, Borivali, Mumbai",Private,Mumbai,Mumbai,Maharashtra,A,3.16,360,145000,660,36,87.01,32825,92,Technology,93.1,17488,92.0,20533,Increasing: 92.00->93.10->93.90,Low
10,2024,JEE,CAP Round 1,EWS,Pune University,Other University,Engineering,Information Technology,06289,"TSSM's Bhivarabai Sawant College of Engineering and Research, Pune",Private,Pune,Pune,Maharashtra,B+,2.69,610,103000,480,7,74.96,300803,88,Technology,79.4,248214,78.6,258238,Increasing: 77.50->78.60->79.40,Low
11,2024,JEE,CAP Round 3,VJNT,Pune University,Other University,Engineering,Cyber Security,06276,"Army Institute of Technology, Pune",Private,Pune,Pune,Maharashtra,A,3.33,180,190000,480,4,98.62,18140,99,Technology,95.2,59118,94.4,68429,Increasing: 93.30->94.40->95.20,High
12,2024,MHT CET,CAP Round 1,OBC,Pune University,Home University,Engineering,Cyber Security,06282,"JSPM Rajarshi Shahu College of Engineering, Tathawade, Pune",Private,Pune,Pune,Maharashtra,A,3.02,420,110000,780,26,93.38,16681,65,Technology,87.7,31110,86.9,33178,Increasing: 85.80->86.90->87.70,High
13,2024,MHT CET,CAP Round 3,OPEN,Pune University,Home University,Engineering,Cyber Security,06139,"Progressive Education Society's Modern College of Engineering, Pune",Private,Pune,Pune,Maharashtra,A,3.06,390,128000,660,32,88.53,28717,56,Technology,88.5,29217,87.7,30779,Increasing: 86.60->87.70->88.50,Medium
14,2024,JEE,CAP Round 3,OBC,Pune University,Other University,Engineering,Cyber Security,06175,"Pimpri Chinchwad College of Engineering, Pune",Private,Pune,Pune,Maharashtra,A++,3.61,220,145000,960,28,99.95,1988,78,Technology,95.7,53336,94.9,61361,Increasing: 93.80->94.90->95.70,High
15,2024,MHT CET,CAP Round 2,OPEN,Mumbai University,Other University,Engineering,Information Technology,03118,"SIES Graduate School of Technology, Mumbai Region",Private,Mumbai,Mumbai,Maharashtra,A,3.13,375,137000,600,35,89.36,26656,78,Technology,92.2,19598,91.4,21840,Increasing: 90.30->91.40->92.20,Medium
16,2024,MHT CET,CAP Round 3,OPEN,Pune University,All India,Engineering,Civil Engineering,06279,"Dr. D. Y. Patil Institute of Technology, Pimpri, Pune",Private,Pune,Pune,Maharashtra,A,3.18,260,130000,780,39,93.7,16127,67,Civil,89.9,25320,89.1,27810,Increasing: 88.00->89.10->89.90,High
17,2022,MHT CET,CAP Round 3,ST,Pune University,All India,Engineering,Electronics and Telecommunication Engineering,06206,"Pune District Education Association's College of Engineering, Pune",Private,Pune,Pune,Maharashtra,B++,2.83,560,100000,420,4,64.95,87670,77,Technology,66.7,83585,65.9,85315,Increasing: 66.70->67.80->68.60,Medium
18,2024,MHT CET,CAP Round 1,SC,Pune University,Other University,Engineering,Chemical Engineering,06146,"MIT Academy of Engineering, Alandi, Pune",Private,Pune,Pune,Maharashtra,A,3.21,310,160000,840,14,90.31,24282,57,Science,85.1,37478,84.3,39685,Increasing: 83.20->84.30->85.10,High
19,2024,MHT CET,CAP Round 1,OBC,Mumbai University,All India,Engineering,Information Technology,03119,"MGM College of Engineering and Technology, Mumbai Region",Private,Mumbai,Mumbai,Maharashtra,B+,2.72,525,130000,480,12,84.59,39061,82,Technology,83.8,40776,83.0,43050,Increasing: 81.90->83.00->83.80,Medium
20,2022,MHT CET,CAP Round 2,OPEN,Pune University,Home University,Engineering,Chemical Engineering,06206,"Pune District Education Association's College of Engineering, Pune",Private,Pune,Pune,Maharashtra,B++,2.83,560,100000,420,17,71.14,72743,91,Science,73.5,66487,72.7,68737,Increasing: 73.50->74.60->75.40,Medium
21,2022,MHT CET,CAP Round 3,ST,Mumbai University,Home University,Engineering,Chemical Engineering,03183,"Anjuman-I-Islam's M.H. Saboo Siddik College of Engineering, Byculla, Mumbai",Private,Mumbai,Mumbai,Maharashtra,A,3.06,450,135000,540,6,66.88,83216,89,Science,70.3,74660,69.5,76701,Increasing: 70.30->71.40->72.20,Low
22,2022,MHT CET,CAP Round 3,EWS,Pune University,Other University,Engineering,Chemical Engineering,06274,"MIT World Peace University School of Engineering, Pune",Private,Pune,Pune,Maharashtra,A+,3.46,199,280000,840,8,83.84,40771,62,Science,90.2,24685,89.4,26545,Increasing: 90.20->91.30->92.10,Low
23,2022,MHT CET,CAP Round 1,ST,Mumbai University,Other University,Engineering,Robotics and Automation,03112,"Xavier Institute of Engineering, Mahim, Mumbai",Private,Mumbai,Mumbai,Maharashtra,A,2.99,460,130000,420,4,71.34,72248,74,Technology,77.0,58089,76.2,59644,Increasing: 77.00->78.10->78.90,Low
24,2023,JEE,CAP Round 3,ST,Mumbai University,All India,Engineering,Robotics and Automation,03121,"Pillai College of Engineering, Mumbai Region",Private,Mumbai,Mumbai,Maharashtra,A,3.06,410,133000,660,4,82.38,212136,93,Technology,78.5,258596,77.4,271269,Increasing: 77.40->78.50->79.30,High
25,2022,JEE,CAP Round 3,ST,Mumbai University,Home University,Engineering,Cyber Security,03101,"Veermata Jijabai Technological Institute (VJTI), Mumbai",Govt,Mumbai,Mumbai,Maharashtra,A++,3.76,84,95000,720,8,82.0,216205,95,Technology,90.4,116485,89.6,126134,Increasing: 90.40->91.50->92.30,Low
26,2024,JEE,CAP Round 2,SC,Mumbai University,Other University,Engineering,Civil Engineering,03104,"K. J. Somaiya College of Engineering, Mumbai",Private,Mumbai,Mumbai,Maharashtra,A,3.33,210,230000,720,12,84.6,184951,43,Civil,88.0,145153,87.2,154933,Increasing: 86.10->87.20->88.00,Low
27,2022,JEE,CAP Round 3,OPEN,Mumbai University,Other University,Engineering,Cyber Security,03113,"Rajiv Gandhi Institute of Technology, Andheri, Mumbai",Private,Mumbai,Mumbai,Maharashtra,B++,2.95,485,120000,540,30,89.5,127149,80,Technology,84.8,184046,84.0,193300,Increasing: 84.80->85.90->86.70,High
28,2023,JEE,CAP Round 1,VJNT,Pune University,All India,Engineering,Electronics and Telecommunication Engineering,06283,"Indira College of Engineering and Management, Pune",Private,Pune,Pune,Maharashtra,B++,2.91,520,105000,540,9,74.51,306284,83,Technology,79.5,246388,78.4,259277,Increasing: 78.40->79.50->80.30,Low
29,2022,JEE,CAP Round 1,OBC,Mumbai University,Home University,Engineering,Cyber Security,03110,"Atharva College of Engineering, Malad, Mumbai",Private,Mumbai,Mumbai,Maharashtra,B++,2.9,490,137000,600,18,85.83,170103,76,Technology,83.3,200875,82.5,210603,Increasing: 83.30->84.40->85.20,High
30,2023,JEE,CAP Round 2,VJNT,Pune University,Other University,Engineering,Robotics and Automation,06291,"RMD Sinhgad School of Engineering, Pune",Private,Pune,Pune,Maharashtra,B++,2.75,590,112000,480,4,79.06,251616,66,Technology,73.1,322981,72.0,337350,Increasing: 72.00->73.10->73.90,High
31,2023,MHT CET,CAP Round 1,OBC,Pune University,All India,Engineering,Computer Engineering,06277,"Bharati Vidyapeeth College of Engineering, Pune",Private,Pune,Pune,Maharashtra,A+,3.42,250,140000,720,25,93.9,15715,62,Technology,96.7,8717,95.6,11581,Increasing: 95.60->96.70->97.50,Medium
32,2022,MHT CET,CAP Round 2,OBC,Mumbai University,All India,Engineering,Electronics and Telecommunication Engineering,03113,"Rajiv Gandhi Institute of Technology, Andheri, Mumbai",Private,Mumbai,Mumbai,Maharashtra,B++,2.93,485,125000,540,19,72.98,67987,82,Technology,80.9,48125,80.1,50028,Increasing: 80.90->82.00->82.80,Low
33,2023,JEE,CAP Round 2,OBC,Mumbai University,Other University,Engineering,Electrical Engineering,03110,"Atharva College of Engineering, Malad, Mumbai",Private,Mumbai,Mumbai,Maharashtra,B++,2.89,490,132000,600,15,75.94,288933,75,Technology,80.6,232948,79.5,247659,Increasing: 79.50->80.60->81.40,Low
34,2023,MHT CET,CAP Round 2,EWS,Pune University,All India,Engineering,Chemical Engineering,06292,"Zeal College of Engineering and Research, Pune",Private,Pune,Pune,Maharashtra,B++,2.79,570,100000,540,10,67.96,80617,73,Science,74.1,65286,73.0,67550,Increasing: 73.00->74.10->74.90,Low
35,2022,JEE,CAP Round 2,VJNT,Pune University,Other University,Engineering,Chemical Engineering,06276,"Army Institute of Technology, Pune",Private,Pune,Pune,Maharashtra,A,3.33,180,185000,480,4,85.54,174075,80,Science,90.2,117828,89.4,128846,Increasing: 90.20->91.30->92.10,Low
36,2022,JEE,CAP Round 3,VJNT,Mumbai University,Other University,Engineering,Computer Engineering,03110,"Atharva College of Engineering, Malad, Mumbai",Private,Mumbai,Mumbai,Maharashtra,B++,2.92,490,127000,600,4,76.5,282206,80,Technology,80.3,237616,79.5,247724,Increasing: 80.30->81.40->82.20,Low
37,2024,MHT CET,CAP Round 2,EWS,Pune University,All India,Engineering,Electrical Engineering,06275,"Maharashtra Institute of Technology, Pune",Private,Pune,Pune,Maharashtra,A,3.28,230,180000,720,10,99.95,274,56,Technology,94.2,15043,93.4,16574,Increasing: 92.30->93.40->94.20,High
38,2022,MHT CET,CAP Round 1,EWS,Pune University,All India,Engineering,Electronics and Telecommunication Engineering,06273,"Vishwakarma Institute of Technology, Bibwewadi, Pune",Private,Pune,Pune,Maharashtra,A++,3.65,151,195000,900,6,97.71,5780,68,Technology,98.9,3309,98.1,4963,Increasing: 98.90->99.95->99.95,Medium
39,2022,MHT CET,CAP Round 1,OPEN,Mumbai University,Home University,Engineering,Computer Engineering,03148,"Shah & Anchor Kutchhi Engineering College, Chembur, Mumbai",Private,Mumbai,Mumbai,Maharashtra,A,3.1,385,150000,600,24,97.38,7083,60,Technology,91.3,21854,90.5,24237,Increasing: 91.30->92.40->93.20,High
40,2023,JEE,CAP Round 1,SC,Mumbai University,All India,Engineering,Information Technology,03124,"Saraswati College of Engineering, Mumbai Region",Private,Mumbai,Mumbai,Maharashtra,B+,2.64,580,112000,420,5,68.65,376570,64,Technology,76.5,283100,75.4,296812,Increasing: 75.40->76.50->77.30,Low
41,2024,JEE,CAP Round 3,SC,Mumbai University,All India,Engineering,Civil Engineering,03183,"Anjuman-I-Islam's M.H. Saboo Siddik College of Engineering, Byculla, Mumbai",Private,Mumbai,Mumbai,Maharashtra,A,3.05,450,120000,540,9,71.01,349362,60,Civil,75.9,290367,75.1,298943,Increasing: 74.00->75.10->75.90,Low
42,2022,JEE,CAP Round 1,EWS,Mumbai University,Other University,Engineering,Artificial Intelligence and Data Science,03101,"Veermata Jijabai Technological Institute (VJTI), Mumbai",Govt,Mumbai,Mumbai,Maharashtra,A++,3.74,84,90000,720,10,97.77,26841,85,Technology,99.95,693,99.95,879,Stable: 99.95->99.95->99.95,Medium
43,2024,JEE,CAP Round 2,ST,Pune University,Other University,Engineering,Electrical Engineering,06139,"Progressive Education Society's Modern College of Engineering, Pune",Private,Pune,Pune,Maharashtra,A,3.05,390,118000,660,6,78.48,259124,71,Technology,78.9,254913,78.1,264243,Increasing: 77.00->78.10->78.90,Medium
44,2024,MHT CET,CAP Round 2,SC,Mumbai University,All India,Engineering,Chemical Engineering,03120,"Terna Engineering College, Mumbai Region",Private,Mumbai,Mumbai,Maharashtra,B+,2.67,550,115000,480,4,66.96,83127,71,Science,71.2,72530,70.4,74030,Increasing: 69.30->70.40->71.20,Low
45,2024,JEE,CAP Round 2,SC,Pune University,Other University,Engineering,Electronics and Telecommunication Engineering,06274,"MIT World Peace University School of Engineering, Pune",Private,Pune,Pune,Maharashtra,A+,3.42,199,275000,840,5,97.6,29429,70,Technology,91.2,106139,90.4,116918,Increasing: 89.30->90.40->91.20,High
46,2024,JEE,CAP Round 1,OPEN,Pune University,Home University,Engineering,Civil Engineering,06175,"Pimpri Chinchwad College of Engineering, Pune",Private,Pune,Pune,Maharashtra,A++,3.62,220,155000,960,40,88.54,137910,72,Civil,94.8,63759,94.0,72795,Increasing: 92.90->94.00->94.80,Low
47,2022,JEE,CAP Round 1,SC,Mumbai University,Other University,Engineering,Mechanical Engineering,03114,"Don Bosco Institute of Technology, Kurla, Mumbai",Private,Mumbai,Mumbai,Maharashtra,B++,2.88,500,123000,480,7,68.41,380389,61,Mechanical,74.8,303861,74.0,312343,Increasing: 74.80->75.90->76.70,Low
48,2022,JEE,CAP Round 3,ST,Mumbai University,Other University,Engineering,Cyber Security,03121,"Pillai College of Engineering, Mumbai Region",Private,Mumbai,Mumbai,Maharashtra,A,3.05,410,148000,660,8,77.61,269733,86,Technology,78.3,260899,77.5,270825,Increasing: 78.30->79.40->80.20,Medium
49,2023,JEE,CAP Round 2,ST,Mumbai University,All India,Engineering,Civil Engineering,03101,"Veermata Jijabai Technological Institute (VJTI), Mumbai",Govt,Mumbai,Mumbai,Maharashtra,A++,3.72,84,90000,720,8,85.42,175195,63,Civil,88.6,136911,87.5,151228,Increasing: 87.50->88.60->89.40,Low
50,2024,JEE,CAP Round 2,EWS,Pune University,Other University,Engineering,Civil Engineering,06732,"Ajeenkya DY Patil School of Engineering, Lohegaon, Pune",Private,Pune,Pune,Maharashtra,B++,2.83,540,130000,600,9,71.24,346571,67,Civil,75.2,298845,74.4,308295,Increasing: 73.30->74.40->75.20,Low
51,2022,JEE,CAP Round 3,SC,Mumbai University,All India,Engineering,Civil Engineering,03121,"Pillai College of Engineering, Mumbai Region",Private,Mumbai,Mumbai,Maharashtra,A,3.05,410,133000,660,7,81.49,223889,56,Civil,75.5,295257,74.7,304909,Increasing: 75.50->76.60->77.40,High
52,2023,MHT CET,CAP Round 1,ST,Pune University,Other University,Engineering,Cyber Security,06288,"Genba Sopanrao Moze College of Engineering, Pune",Private,Pune,Pune,Maharashtra,B,2.47,700,90000,360,4,62.51,93910,71,Technology,64.1,89893,63.0,92687,Increasing: 63.00->64.10->64.90,Medium
53,2024,MHT CET,CAP Round 3,SC,Mumbai University,Other University,Engineering,Chemical Engineering,03118,"SIES Graduate School of Technology, Mumbai Region",Private,Mumbai,Mumbai,Maharashtra,A,3.1,375,147000,600,10,73.01,67940,86,Science,78.9,53101,78.1,54823,Increasing: 77.00->78.10->78.90,Low
54,2022,MHT CET,CAP Round 1,EWS,Mumbai University,Home University,Engineering,Electronics and Telecommunication Engineering,03116,"St. Francis Institute of Technology, Borivali, Mumbai",Private,Mumbai,Mumbai,Maharashtra,A,3.17,360,150000,660,6,87.21,32322,91,Technology,88.8,28316,88.0,30354,Increasing: 88.80->89.90->90.70,Medium
55,2023,MHT CET,CAP Round 3,OPEN,Pune University,All India,Engineering,Computer Engineering,06732,"Ajeenkya DY Patil School of Engineering, Lohegaon, Pune",Private,Pune,Pune,Maharashtra,B++,2.83,540,130000,600,30,75.13,62305,80,Technology,81.5,46592,80.4,49535,Increasing: 80.40->81.50->82.30,Low
56,2023,JEE,CAP Round 2,VJNT,Mumbai University,Home University,Engineering,Artificial Intelligence and Data Science,03139,"Vidyalankar Institute of Technology, Wadala, Mumbai",Private,Mumbai,Mumbai,Maharashtra,A+,3.31,340,150000,720,9,82.82,206223,81,Technology,89.4,127568,88.3,142085,Increasing: 88.30->89.40->90.20,Low
57,2023,MHT CET,CAP Round 1,OBC,Mumbai University,Other University,Engineering,Robotics and Automation,03118,"SIES Graduate School of Technology, Mumbai Region",Private,Mumbai,Mumbai,Maharashtra,A,3.09,375,137000,600,17,81.85,45433,83,Technology,88.6,28690,87.5,31514,Increasing: 87.50->88.60->89.40,Low
58,2024,MHT CET,CAP Round 2,ST,Pune University,All India,Engineering,Chemical Engineering,06271,"COEP Technological University, Pune",Govt,Pune,Pune,Maharashtra,A++,3.74,73,40000,720,6,92.34,19186,65,Science,89.7,25900,88.9,27961,Increasing: 87.80->88.90->89.70,High
59,2023,JEE,CAP Round 2,OBC,Mumbai University,All India,Engineering,Robotics and Automation,03139,"Vidyalankar Institute of Technology, Wadala, Mumbai",Private,Mumbai,Mumbai,Maharashtra,A+,3.33,340,150000,720,24,83.76,195342,85,Technology,91.0,109103,89.9,121430,Increasing: 89.90->91.00->91.80,Low
60,2023,JEE,CAP Round 1,ST,Mumbai University,Other University,Engineering,Civil Engineering,03113,"Rajiv Gandhi Institute of Technology, Andheri, Mumbai",Private,Mumbai,Mumbai,Maharashtra,B++,2.96,485,130000,540,4,78.52,258171,68,Civil,73.2,323343,72.1,335953,Increasing: 72.10->73.20->74.00,High
61,2023,JEE,CAP Round 1,EWS,Pune University,Home University,Engineering,Artificial Intelligence and Data Science,06289,"TSSM's Bhivarabai Sawant College of Engineering and Research, Pune",Private,Pune,Pune,Maharashtra,B+,2.64,610,98000,480,4,72.33,332698,78,Technology,77.8,267990,76.7,280939,Increasing: 76.70->77.80->78.60,Low
62,2022,MHT CET,CAP Round 2,OBC,Mumbai University,Home University,Engineering,Electronics and Telecommunication Engineering,03103,"Dwarkadas J. Sanghvi College of Engineering, Mumbai",Private,Mumbai,Mumbai,Maharashtra,A+,3.53,160,205000,720,21,95.46,11644,85,Technology,94.3,14516,93.5,16673,Increasing: 94.30->95.40->96.20,Medium
63,2023,MHT CET,CAP Round 3,OBC,Mumbai University,All India,Engineering,Artificial Intelligence and Data Science,03148,"Shah & Anchor Kutchhi Engineering College, Chembur, Mumbai",Private,Mumbai,Mumbai,Maharashtra,A,3.11,385,145000,600,19,81.28,46892,84,Technology,87.7,30880,86.6,33538,Increasing: 86.60->87.70->88.50,Low
64,2022,JEE,CAP Round 1,OPEN,Pune University,All India,Engineering,Electronics and Telecommunication Engineering,06175,"Pimpri Chinchwad College of Engineering, Pune",Private,Pune,Pune,Maharashtra,A++,3.59,220,145000,960,46,95.75,51226,62,Technology,98.9,14180,98.1,24272,Increasing: 98.90->99.95->99.95,Low
65,2022,JEE,CAP Round 3,ST,Mumbai University,Home University,Engineering,Computer Engineering,03183,"Anjuman-I-Islam's M.H. Saboo Siddik College of Engineering, Byculla, Mumbai",Private,Mumbai,Mumbai,Maharashtra,A,3.03,450,130000,540,4,79.91,242413,67,Technology,76.6,281764,75.8,291847,Increasing: 76.60->77.70->78.50,High
66,2024,MHT CET,CAP Round 3,SC,Mumbai University,Home University,Engineering,Information Technology,03121,"Pillai College of Engineering, Mumbai Region",Private,Mumbai,Mumbai,Maharashtra,A,3.09,410,143000,660,7,83.95,40716,100,Technology,80.8,48559,80.0,50578,Increasing: 78.90->80.00->80.80,High
67,2023,MHT CET,CAP Round 2,SC,Mumbai University,Other University,Engineering,Artificial Intelligence and Data Science,03185,"Vivekanand Education Society's Institute of Technology, Chembur, Mumbai",Private,Mumbai,Mumbai,Maharashtra,A+,3.33,285,150000,720,12,83.06,42399,71,Technology,89.8,25732,88.7,28817,Increasing: 88.70->89.80->90.60,Low
68,2023,MHT CET,CAP Round 1,SC,Mumbai University,Other University,Engineering,Artificial Intelligence and Data Science,03110,"Atharva College of Engineering, Malad, Mumbai",Private,Mumbai,Mumbai,Maharashtra,B++,2.87,490,142000,600,14,73.16,67262,91,Technology,80.8,48420,79.7,51074,Increasing: 79.70->80.80->81.60,Low
69,2023,MHT CET,CAP Round 1,ST,Mumbai University,Other University,Engineering,Cyber Security,03113,"Rajiv Gandhi Institute of Technology, Andheri, Mumbai",Private,Mumbai,Mumbai,Maharashtra,B++,2.95,485,130000,540,4,70.94,73243,74,Technology,78.1,54782,77.0,57736,Increasing: 77.00->78.10->78.90,Low
70,2022,MHT CET,CAP Round 3,SC,Mumbai University,All India,Engineering,Artificial Intelligence and Data Science,03111,"Rizvi College of Engineering, Bandra, Mumbai",Private,Mumbai,Mumbai,Maharashtra,B++,2.87,505,135000,480,5,78.15,54904,76,Technology,76.1,60114,75.3,62306,Increasing: 76.10->77.20->78.00,Medium
71,2023,MHT CET,CAP Round 3,SC,Mumbai University,Home University,Engineering,Chemical Engineering,03122,"Datta Meghe College of Engineering, Mumbai Region",Private,Mumbai,Mumbai,Maharashtra,A,3.06,400,136000,600,8,70.28,74469,62,Science,75.9,60819,74.8,63192,Increasing: 74.80->75.90->76.70,Low
72,2024,JEE,CAP Round 3,OBC,Pune University,Home University,Engineering,Information Technology,06279,"Dr. D. Y. Patil Institute of Technology, Pimpri, Pune",Private,Pune,Pune,Maharashtra,A,3.19,260,140000,780,26,84.18,190569,92,Technology,92.3,93026,91.5,102682,Increasing: 90.40->91.50->92.30,Low
73,2024,JEE,CAP Round 3,VJNT,Mumbai University,All India,Engineering,Artificial Intelligence and Data Science,03119,"MGM College of Engineering and Technology, Mumbai Region",Private,Mumbai,Mumbai,Maharashtra,B+,2.75,525,115000,480,4,85.84,170172,71,Technology,80.0,241070,79.2,250733,Increasing: 78.10->79.20->80.00,High
74,2023,MHT CET,CAP Round 1,EWS,Pune University,All India,Engineering,Civil Engineering,06139,"Progressive Education Society's Modern College of Engineering, Pune",Private,Pune,Pune,Maharashtra,A,3.03,390,113000,660,4,86.25,34585,58,Civil,85.0,37696,83.9,40551,Increasing: 83.90->85.00->85.80,Medium
75,2022,JEE,CAP Round 1,ST,Mumbai University,Home University,Engineering,Information Technology,03101,"Veermata Jijabai Technological Institute (VJTI), Mumbai",Govt,Mumbai,Mumbai,Maharashtra,A++,3.71,84,90000,720,10,86.32,165926,74,Technology,93.9,74878,93.1,83699,Increasing: 93.90->95.00->95.80,Low
76,2022,JEE,CAP Round 3,VJNT,Pune University,Other University,Engineering,Cyber Security,06289,"TSSM's Bhivarabai Sawant College of Engineering and Research, Pune",Private,Pune,Pune,Maharashtra,B+,2.66,610,103000,480,6,68.02,384669,69,Technology,70.8,351607,70.0,361733,Increasing: 70.80->71.90->72.70,Medium
77,2023,MHT CET,CAP Round 3,OPEN,Pune University,All India,Engineering,Chemical Engineering,06276,"Army Institute of Technology, Pune",Private,Pune,Pune,Maharashtra,A,3.31,180,185000,480,24,96.14,9991,89,Science,94.7,13336,93.6,16108,Increasing: 93.60->94.70->95.50,Medium
78,2023,MHT CET,CAP Round 2,SC,Mumbai University,All India,Engineering,Chemical Engineering,03118,"SIES Graduate School of Technology, Mumbai Region",Private,Mumbai,Mumbai,Maharashtra,A,3.09,375,142000,600,7,76.2,59757,71,Science,79.9,50775,78.8,53417,Increasing: 78.80->79.90->80.70,Low
79,2023,JEE,CAP Round 3,SC,Pune University,Other University,Engineering,Cyber Security,06206,"Pune District Education Association's College of Engineering, Pune",Private,Pune,Pune,Maharashtra,B++,2.84,560,95000,420,9,78.28,262339,97,Technology,72.4,332909,71.3,345230,Increasing: 71.30->72.40->73.20,High
80,2022,JEE,CAP Round 1,SC,Mumbai University,All India,Engineering,Mechanical Engineering,03148,"Shah & Anchor Kutchhi Engineering College, Chembur, Mumbai",Private,Mumbai,Mumbai,Maharashtra,A,3.06,385,150000,600,10,76.5,283325,69,Mechanical,80.9,229676,80.1,239796,Increasing: 80.90->82.00->82.80,Low
81,2024,MHT CET,CAP Round 3,OPEN,Mumbai University,Other University,Engineering,Information Technology,03120,"Terna Engineering College, Mumbai Region",Private,Mumbai,Mumbai,Maharashtra,B+,2.69,550,110000,480,21,79.09,52743,76,Technology,81.5,46783,80.7,48346,Increasing: 79.60->80.70->81.50,Medium
82,2024,JEE,CAP Round 2,EWS,Pune University,Other University,Engineering,Artificial Intelligence and Data Science,06290,"NBN Sinhgad School of Engineering, Pune",Private,Pune,Pune,Maharashtra,B+,2.63,630,101000,420,9,71.13,347102,66,Technology,76.3,285073,75.5,295258,Increasing: 74.40->75.50->76.30,Low
83,2024,MHT CET,CAP Round 2,EWS,Mumbai University,Home University,Engineering,Electrical Engineering,03118,"SIES Graduate School of Technology, Mumbai Region",Private,Mumbai,Mumbai,Maharashtra,A,3.08,375,147000,600,13,91.68,21195,78,Technology,85.9,35695,85.1,37725,Increasing: 84.00->85.10->85.90,High
84,2023,MHT CET,CAP Round 1,ST,Mumbai University,All India,Engineering,Electronics and Telecommunication Engineering,03116,"St. Francis Institute of Technology, Borivali, Mumbai",Private,Mumbai,Mumbai,Maharashtra,A,3.18,360,150000,660,11,76.87,58355,67,Technology,83.5,41814,82.4,44122,Increasing: 82.40->83.50->84.30,Low
85,2022,MHT CET,CAP Round 2,VJNT,Pune University,All India,Engineering,Information Technology,06272,"Pune Institute of Computer Technology, Pune",Private,Pune,Pune,Maharashtra,A+,3.57,101,125000,660,8,99.95,532,79,Technology,96.4,9120,95.6,11593,Increasing: 96.40->97.50->98.30,High
86,2023,MHT CET,CAP Round 3,OPEN,Mumbai University,Other University,Engineering,Civil Engineering,03120,"Terna Engineering College, Mumbai Region",Private,Mumbai,Mumbai,Maharashtra,B+,2.7,550,115000,480,22,78.11,55212,72,Civil,74.5,63804,73.4,66530,Increasing: 73.40->74.50->75.30,High
87,2023,MHT CET,CAP Round 2,ST,Pune University,Other University,Engineering,Civil Engineering,06291,"RMD Sinhgad School of Engineering, Pune",Private,Pune,Pune,Maharashtra,B++,2.77,590,107000,480,9,60.2,99701,66,Civil,62.7,93490,61.6,96442,Increasing: 61.60->62.70->63.50,Medium
88,2022,MHT CET,CAP Round 3,SC,Mumbai University,Other University,Engineering,Civil Engineering,03118,"SIES Graduate School of Technology, Mumbai Region",Private,Mumbai,Mumbai,Maharashtra,A,3.11,375,142000,600,9,67.72,80787,73,Civil,75.4,61725,74.6,63651,Increasing: 75.40->76.50->77.30,Low
89,2022,JEE,CAP Round 1,VJNT,Mumbai University,Other University,Engineering,Information Technology,03120,"Terna Engineering College, Mumbai Region",Private,Mumbai,Mumbai,Maharashtra,B+,2.66,550,125000,480,5,75.62,293143,65,Technology,78.8,254981,78.0,264748,Increasing: 78.80->79.90->80.70,Low
90,2024,MHT CET,CAP Round 3,OBC,Mumbai University,Home University,Engineering,Computer Engineering,03102,"Sardar Patel Institute of Technology, Mumbai",Private,Mumbai,Mumbai,Maharashtra,A+,3.59,125,175000,600,18,99.95,433,76,Technology,98.3,4684,97.5,6414,Increasing: 96.40->97.50->98.30,Medium
91,2024,JEE,CAP Round 1,OPEN,Pune University,Other University,Engineering,Information Technology,06732,"Ajeenkya DY Patil School of Engineering, Lohegaon, Pune",Private,Pune,Pune,Maharashtra,B++,2.88,540,125000,600,32,89.61,125734,97,Technology,85.2,178822,84.4,188506,Increasing: 83.30->84.40->85.20,High
92,2024,JEE,CAP Round 3,OPEN,Mumbai University,Home University,Engineering,Artificial Intelligence and Data Science,03121,"Pillai College of Engineering, Mumbai Region",Private,Mumbai,Mumbai,Maharashtra,A,3.04,410,148000,660,37,91.91,98260,83,Technology,89.7,125290,88.9,133906,Increasing: 87.80->88.90->89.70,Medium
93,2023,MHT CET,CAP Round 3,EWS,Mumbai University,All India,Engineering,Electrical Engineering,03124,"Saraswati College of Engineering, Mumbai Region",Private,Mumbai,Mumbai,Maharashtra,B+,2.67,580,117000,420,8,76.56,59023,81,Technology,74.7,63372,73.6,66157,Increasing: 73.60->74.70->75.50,Medium
94,2024,JEE,CAP Round 2,ST,Mumbai University,All India,Engineering,Civil Engineering,03185,"Vivekanand Education Society's Institute of Technology, Chembur, Mumbai",Private,Mumbai,Mumbai,Maharashtra,A+,3.38,285,155000,720,8,83.93,194134,77,Civil,83.1,202954,82.3,213534,Increasing: 81.20->82.30->83.10,Medium
95,2024,MHT CET,CAP Round 1,VJNT,Pune University,Other University,Engineering,Civil Engineering,06292,"Zeal College of Engineering and Research, Pune",Private,Pune,Pune,Maharashtra,B++,2.83,570,100000,540,4,65.09,87858,86,Civil,71.5,71499,70.7,73597,Increasing: 69.60->70.70->71.50,Low
96,2023,JEE,CAP Round 2,OPEN,Pune University,All India,Engineering,Electronics and Telecommunication Engineering,06282,"JSPM Rajarshi Shahu College of Engineering, Tathawade, Pune",Private,Pune,Pune,Maharashtra,A,3.01,420,125000,780,36,89.88,122665,79,Technology,89.0,133103,87.9,146199,Increasing: 87.90->89.00->89.80,Medium
97,2022,MHT CET,CAP Round 2,ST,Mumbai University,All India,Engineering,Electrical Engineering,03182,"Thadomal Shahani Engineering College, Bandra, Mumbai",Private,Mumbai,Mumbai,Maharashtra,A,3.27,225,180000,660,4,91.05,22721,41,Technology,85.4,36959,84.6,38696,Increasing: 85.40->86.50->87.30,High
98,2024,MHT CET,CAP Round 1,EWS,Mumbai University,Home University,Engineering,Information Technology,03114,"Don Bosco Institute of Technology, Kurla, Mumbai",Private,Mumbai,Mumbai,Maharashtra,B++,2.85,500,138000,480,12,79.82,50908,62,Technology,85.2,37151,84.4,39265,Increasing: 83.30->84.40->85.20,Low
99,2022,MHT CET,CAP Round 2,OBC,Mumbai University,Other University,Engineering,Computer Engineering,03112,"Xavier Institute of Engineering, Mahim, Mumbai",Private,Mumbai,Mumbai,Maharashtra,A,3.03,460,135000,420,13,79.74,51161,79,Technology,84.5,38918,83.7,41161,Increasing: 84.50->85.60->86.40,Low
100,2023,MHT CET,CAP Round 3,OBC,Pune University,All India,Engineering,Mechanical Engineering,06175,"Pimpri Chinchwad College of Engineering, Pune",Private,Pune,Pune,Maharashtra,A++,3.61,220,140000,960,26,90.8,23341,90,Mechanical,89.8,25718,88.7,28775,Increasing: 88.70->89.80->90.60,Medium
101,2024,JEE,CAP Round 1,VJNT,Mumbai University,Other University,Engineering,Electrical Engineering,03114,"Don Bosco Institute of Technology, Kurla, Mumbai",Private,Mumbai,Mumbai,Maharashtra,B++,2.87,500,138000,480,7,74.71,305018,79,Technology,80.9,230192,80.1,239371,Increasing: 79.00->80.10->80.90,Low
102,2024,MHT CET,CAP Round 1,SC,Mumbai University,Home University,Engineering,Robotics and Automation,03112,"Xavier Institute of Engineering, Mahim, Mumbai",Private,Mumbai,Mumbai,Maharashtra,A,3.0,460,130000,420,4,85.11,37350,71,Technology,80.2,50066,79.4,51864,Increasing: 78.30->79.40->80.20,High
103,2024,MHT CET,CAP Round 1,SC,Pune University,Other University,Engineering,Cyber Security,06732,"Ajeenkya DY Patil School of Engineering, Lohegaon, Pune",Private,Pune,Pune,Maharashtra,B++,2.83,540,115000,600,4,79.43,51824,93,Technology,76.4,59217,75.6,61304,Increasing: 74.50->75.60->76.40,High
104,2024,MHT CET,CAP Round 2,SC,Pune University,Other University,Engineering,Robotics and Automation,06289,"TSSM's Bhivarabai Sawant College of Engineering and Research, Pune",Private,Pune,Pune,Maharashtra,B+,2.65,610,108000,480,6,61.01,97540,91,Technology,68.9,78060,68.1,80009,Increasing: 67.00->68.10->68.90,Low
105,2022,JEE,CAP Round 1,OBC,Mumbai University,All India,Engineering,Artificial Intelligence and Data Science,03185,"Vivekanand Education Society's Institute of Technology, Chembur, Mumbai",Private,Mumbai,Mumbai,Maharashtra,A+,3.38,285,155000,720,17,91.75,99694,84,Technology,96.8,40189,96.0,49247,Increasing: 96.80->97.90->98.70,Low
106,2024,JEE,CAP Round 2,SC,Pune University,All India,Engineering,Chemical Engineering,06278,"All India Shri Shivaji Memorial Society's College of Engineering, Pune",Private,Pune,Pune,Maharashtra,A+,3.37,320,137000,720,11,78.83,255505,69,Science,84.2,191252,83.4,200669,Increasing: 82.30->83.40->84.20,Low
107,2024,MHT CET,CAP Round 3,ST,Pune University,All India,Engineering,Robotics and Automation,06271,"COEP Technological University, Pune",Govt,Pune,Pune,Maharashtra,A++,3.77,73,45000,720,10,92.01,20363,85,Technology,91.3,22072,90.5,24293,Increasing: 89.40->90.50->91.30,Medium
108,2022,MHT CET,CAP Round 1,EWS,Mumbai University,All India,Engineering,Civil Engineering,03102,"Sardar Patel Institute of Technology, Mumbai",Private,Mumbai,Mumbai,Maharashtra,A+,3.55,125,170000,600,7,98.76,3137,78,Civil,95.7,10814,94.9,13020,Increasing: 95.70->96.80->97.60,High
109,2023,JEE,CAP Round 2,OPEN,Pune University,Home University,Engineering,Mechanical Engineering,06276,"Army Institute of Technology, Pune",Private,Pune,Pune,Maharashtra,A,3.31,180,185000,480,19,88.52,138186,60,Mechanical,94.7,64265,93.6,78039,Increasing: 93.60->94.70->95.50,Low
110,2022,MHT CET,CAP Round 2,EWS,Mumbai University,Other University,Engineering,Electrical Engineering,03139,"Vidyalankar Institute of Technology, Wadala, Mumbai",Private,Mumbai,Mumbai,Maharashtra,A+,3.34,340,160000,720,13,91.03,22820,85,Technology,88.0,30051,87.2,32109,Increasing: 88.00->89.10->89.90,High
111,2022,MHT CET,CAP Round 3,EWS,Mumbai University,Home University,Engineering,Artificial Intelligence and Data Science,03121,"Pillai College of Engineering, Mumbai Region",Private,Mumbai,Mumbai,Maharashtra,A,3.07,410,148000,660,10,84.46,39045,77,Technology,85.0,37880,84.2,39640,Increasing: 85.00->86.10->86.90,Medium
112,2023,JEE,CAP Round 2,OBC,Pune University,Other University,Engineering,Robotics and Automation,06277,"Bharati Vidyapeeth College of Engineering, Pune",Private,Pune,Pune,Maharashtra,A+,3.43,250,135000,720,23,93.6,78039,69,Technology,92.6,90587,91.5,103326,Increasing: 91.50->92.60->93.40,Medium
113,2024,JEE,CAP Round 2,EWS,Pune University,All India,Engineering,Mechanical Engineering,06277,"Bharati Vidyapeeth College of Engineering, Pune",Private,Pune,Pune,Maharashtra,A+,3.42,250,145000,720,6,91.86,99311,72,Mechanical,92.0,96152,91.2,106550,Increasing: 90.10->91.20->92.00,Medium
114,2023,MHT CET,CAP Round 1,EWS,Mumbai University,Other University,Engineering,Electronics and Telecommunication Engineering,03101,"Veermata Jijabai Technological Institute (VJTI), Mumbai",Govt,Mumbai,Mumbai,Maharashtra,A++,3.77,84,80000,720,6,99.95,501,77,Technology,99.95,590,99.95,577,Stable: 99.95->99.95->99.95,Medium
115,2023,MHT CET,CAP Round 2,ST,Mumbai University,All India,Engineering,Cyber Security,03110,"Atharva College of Engineering, Malad, Mumbai",Private,Mumbai,Mumbai,Maharashtra,B++,2.92,490,127000,600,7,72.99,67670,57,Technology,76.2,59748,75.1,62433,Increasing: 75.10->76.20->77.00,Low
116,2022,JEE,CAP Round 1,SC,Pune University,All India,Engineering,Computer Engineering,06277,"Bharati Vidyapeeth College of Engineering, Pune",Private,Pune,Pune,Maharashtra,A+,3.4,250,135000,720,4,89.44,127783,74,Technology,92.1,95376,91.3,105779,Increasing: 92.10->93.20->94.00,Medium
117,2023,MHT CET,CAP Round 2,OPEN,Pune University,All India,Engineering,Electrical Engineering,06283,"Indira College of Engineering and Management, Pune",Private,Pune,Pune,Maharashtra,B++,2.87,520,115000,540,25,86.61,33659,54,Technology,80.2,49734,79.1,52408,Increasing: 79.10->80.20->81.00,High
118,2024,JEE,CAP Round 3,OBC,Mumbai University,Other University,Engineering,Cyber Security,03111,"Rizvi College of Engineering, Bandra, Mumbai",Private,Mumbai,Mumbai,Maharashtra,B++,2.85,505,125000,480,17,88.42,139639,48,Technology,82.2,213795,81.4,224364,Increasing: 80.30->81.40->82.20,High
119,2022,MHT CET,CAP Round 3,SC,Mumbai University,All India,Engineering,Cyber Security,03102,"Sardar Patel Institute of Technology, Mumbai",Private,Mumbai,Mumbai,Maharashtra,A+,3.56,125,175000,600,9,93.34,16867,75,Technology,92.7,18618,91.9,20847,Increasing: 92.70->93.80->94.60,Medium
120,2024,MHT CET,CAP Round 2,ST,Pune University,All India,Engineering,Electronics and Telecommunication Engineering,06271,"COEP Technological University, Pune",Govt,Pune,Pune,Maharashtra,A++,3.73,73,40000,720,5,85.53,36199,78,Technology,92.3,19813,91.5,21765,Increasing: 90.40->91.50->92.30,Low
121,2023,MHT CET,CAP Round 3,SC,Mumbai University,Home University,Engineering,Chemical Engineering,03113,"Rajiv Gandhi Institute of Technology, Andheri, Mumbai",Private,Mumbai,Mumbai,Maharashtra,B++,2.93,485,120000,540,7,64.01,90475,68,Science,71.9,70683,70.8,73087,Increasing: 70.80->71.90->72.70,Low
122,2024,MHT CET,CAP Round 1,SC,Mumbai University,All India,Engineering,Mechanical Engineering,03148,"Shah & Anchor Kutchhi Engineering College, Chembur, Mumbai",Private,Mumbai,Mumbai,Maharashtra,A,3.09,385,150000,600,4,75.64,61405,58,Mechanical,81.8,45736,81.0,47725,Increasing: 79.90->81.00->81.80,Low
123,2023,MHT CET,CAP Round 3,VJNT,Pune University,Home University,Engineering,Information Technology,06285,"Dhole Patil College of Engineering, Pune",Private,Pune,Pune,Maharashtra,B+,2.69,600,108000,480,4,77.3,57260,81,Technology,71.0,72934,69.9,75419,Increasing: 69.90->71.00->71.80,High
124,2022,MHT CET,CAP Round 2,EWS,Pune University,All India,Engineering,Chemical Engineering,06282,"JSPM Rajarshi Shahu College of Engineering, Tathawade, Pune",Private,Pune,Pune,Maharashtra,A,2.97,420,125000,780,15,85.17,37606,49,Science,82.5,44111,81.7,46063,Increasing: 82.50->83.60->84.40,High
125,2024,JEE,CAP Round 3,VJNT,Mumbai University,Other University,Engineering,Artificial Intelligence and Data Science,03139,"Vidyalankar Institute of Technology, Wadala, Mumbai",Private,Mumbai,Mumbai,Maharashtra,A+,3.35,340,145000,720,5,85.2,179146,72,Technology,90.2,118489,89.4,128677,Increasing: 88.30->89.40->90.20,Low
126,2022,JEE,CAP Round 3,OBC,Mumbai University,Other University,Engineering,Artificial Intelligence and Data Science,03122,"Datta Meghe College of Engineering, Mumbai Region",Private,Mumbai,Mumbai,Maharashtra,A,3.08,400,136000,600,20,92.8,86519,68,Technology,86.5,163210,85.7,172369,Increasing: 86.50->87.60->88.40,High
127,2022,MHT CET,CAP Round 1,ST,Mumbai University,Home University,Engineering,Civil Engineering,03113,"Rajiv Gandhi Institute of Technology, Andheri, Mumbai",Private,Mumbai,Mumbai,Maharashtra,B++,2.94,485,120000,540,10,75.75,60936,90,Civil,69.9,75450,69.1,77387,Increasing: 69.90->71.00->71.80,High
128,2023,JEE,CAP Round 1,SC,Mumbai University,Home University,Engineering,Mechanical Engineering,03117,"Watumull Institute of Electronics Engineering and Computer Technology, Worli, Mumbai",Private,Mumbai,Mumbai,Maharashtra,B+,2.7,545,128000,360,8,74.41,308290,82,Mechanical,71.7,340715,70.6,354550,Increasing: 70.60->71.70->72.50,High
129,2024,MHT CET,CAP Round 3,ST,Mumbai University,Home University,Engineering,Cyber Security,03148,"Shah & Anchor Kutchhi Engineering College, Chembur, Mumbai",Private,Mumbai,Mumbai,Maharashtra,A,3.09,385,140000,600,4,78.44,53982,89,Technology,79.0,53096,78.2,54787,Increasing: 77.10->78.20->79.00,Medium
130,2022,MHT CET,CAP Round 1,EWS,Mumbai University,All India,Engineering,Cyber Security,03125,"M.H. Saboo Siddik College of Engineering, Mumbai",Private,Mumbai,Mumbai,Maharashtra,A,3.01,475,132000,420,4,80.71,48469,77,Technology,86.3,34338,85.5,36650,Increasing: 86.30->87.40->88.20,Low
131,2023,MHT CET,CAP Round 3,EWS,Pune University,All India,Engineering,Computer Engineering,06276,"Army Institute of Technology, Pune",Private,Pune,Pune,Maharashtra,A,3.3,180,180000,480,6,95.73,11177,66,Technology,98.2,4754,97.1,7778,Increasing: 97.10->98.20->99.00,Medium
132,2024,JEE,CAP Round 3,OBC,Mumbai University,Other University,Engineering,Computer Engineering,03139,"Vidyalankar Institute of Technology, Wadala, Mumbai",Private,Mumbai,Mumbai,Maharashtra,A+,3.33,340,160000,720,22,96.17,47243,84,Technology,92.5,90304,91.7,100525,Increasing: 90.60->91.70->92.50,High
133,2024,MHT CET,CAP Round 2,SC,Pune University,Home University,Engineering,Civil Engineering,06278,"All India Shri Shivaji Memorial Society's College of Engineering, Pune",Private,Pune,Pune,Maharashtra,A+,3.35,320,137000,720,12,73.71,65756,54,Civil,79.8,50583,79.0,52955,Increasing: 77.90->79.00->79.80,Low
134,2022,JEE,CAP Round 2,EWS,Mumbai University,All India,Engineering,Artificial Intelligence and Data Science,03114,"Don Bosco Institute of Technology, Kurla, Mumbai",Private,Mumbai,Mumbai,Maharashtra,B++,2.85,500,138000,480,5,78.88,255200,84,Technology,84.5,187747,83.7,196636,Increasing: 84.50->85.60->86.40,Low
135,2023,JEE,CAP Round 3,OPEN,Pune University,Other University,Engineering,Artificial Intelligence and Data Science,06146,"MIT Academy of Engineering, Alandi, Pune",Private,Pune,Pune,Maharashtra,A,3.19,310,160000,840,45,86.94,157378,78,Technology,94.6,65609,93.5,79094,Increasing: 93.50->94.60->95.40,Low
136,2023,MHT CET,CAP Round 2,VJNT,Pune University,Home University,Engineering,Electrical Engineering,06288,"Genba Sopanrao Moze College of Engineering, Pune",Private,Pune,Pune,Maharashtra,B,2.43,700,95000,360,8,58.04,105221,83,Technology,62.9,93010,61.8,95696,Increasing: 61.80->62.90->63.70,Low
137,2022,JEE,CAP Round 1,SC,Mumbai University,Home University,Engineering,Electrical Engineering,03118,"SIES Graduate School of Technology, Mumbai Region",Private,Mumbai,Mumbai,Maharashtra,A,3.12,375,142000,600,9,73.93,314220,70,Technology,81.3,225757,80.5,234137,Increasing: 81.30->82.40->83.20,Low
138,2024,MHT CET,CAP Round 3,ST,Mumbai University,All India,Engineering,Electrical Engineering,03125,"M.H. Saboo Siddik College of Engineering, Mumbai",Private,Mumbai,Mumbai,Maharashtra,A,2.98,475,127000,420,9,75.89,60716,78,Technology,73.8,65908,73.0,67836,Increasing: 71.90->73.00->73.80,Medium
139,2023,JEE,CAP Round 3,SC,Pune University,All India,Engineering,Civil Engineering,06146,"MIT Academy of Engineering, Alandi, Pune",Private,Pune,Pune,Maharashtra,A,3.21,310,160000,840,9,76.92,277271,70,Civil,81.1,228323,80.0,241266,Increasing: 80.00->81.10->81.90,Low
140,2022,MHT CET,CAP Round 1,OBC,Mumbai University,Home University,Engineering,Information Technology,03111,"Rizvi College of Engineering, Bandra, Mumbai",Private,Mumbai,Mumbai,Maharashtra,B++,2.88,505,130000,480,9,75.18,62111,73,Technology,81.6,46600,80.8,48181,Increasing: 81.60->82.70->83.50,Low
141,2022,MHT CET,CAP Round 2,OBC,Mumbai University,Other University,Engineering,Robotics and Automation,03116,"St. Francis Institute of Technology, Borivali, Mumbai",Private,Mumbai,Mumbai,Maharashtra,A,3.18,360,145000,660,21,87.94,30177,61,Technology,87.0,33015,86.2,35005,Increasing: 87.00->88.10->88.90,Medium
142,2023,JEE,CAP Round 1,OBC,Mumbai University,All India,Engineering,Computer Engineering,03121,"Pillai College of Engineering, Mumbai Region",Private,Mumbai,Mumbai,Maharashtra,A,3.06,410,138000,660,25,96.93,38265,61,Technology,91.2,106995,90.1,120200,Increasing: 90.10->91.20->92.00,High
143,2024,MHT CET,CAP Round 3,SC,Pune University,Other University,Engineering,Civil Engineering,06276,"Army Institute of Technology, Pune",Private,Pune,Pune,Maharashtra,A,3.3,180,185000,480,4,85.79,35927,83,Civil,85.8,35925,85.0,38066,Increasing: 83.90->85.00->85.80,Medium
144,2024,MHT CET,CAP Round 3,SC,Pune University,Home University,Engineering,Chemical Engineering,06288,"Genba Sopanrao Moze College of Engineering, Pune",Private,Pune,Pune,Maharashtra,B,2.47,700,85000,360,4,65.02,88048,61,Science,58.7,103613,57.9,105410,Increasing: 56.80->57.90->58.70,High
145,2024,JEE,CAP Round 1,EWS,Mumbai University,Other University,Engineering,Information Technology,03184,"Fr. Conceicao Rodrigues College of Engineering, Bandra, Mumbai",Private,Mumbai,Mumbai,Maharashtra,A,3.21,270,170000,600,12,91.67,101691,99,Technology,99.6,4957,98.8,15971,Increasing: 97.70->98.80->99.60,Low
146,2024,JEE,CAP Round 1,EWS,Mumbai University,Other University,Engineering,Civil Engineering,03184,"Fr. Conceicao Rodrigues College of Engineering, Bandra, Mumbai",Private,Mumbai,Mumbai,Maharashtra,A,3.18,270,170000,600,7,95.72,51713,52,Civil,93.4,79948,92.6,90246,Increasing: 91.50->92.60->93.40,Medium
147,2022,JEE,CAP Round 1,SC,Mumbai University,All India,Engineering,Robotics and Automation,03122,"Datta Meghe College of Engineering, Mumbai Region",Private,Mumbai,Mumbai,Maharashtra,A,3.07,400,146000,600,8,83.96,193064,80,Technology,83.6,198521,82.8,206912,Increasing: 83.60->84.70->85.50,Medium
148,2024,JEE,CAP Round 2,EWS,Mumbai University,All India,Engineering,Electrical Engineering,03125,"M.H. Saboo Siddik College of Engineering, Mumbai",Private,Mumbai,Mumbai,Maharashtra,A,3.02,475,122000,420,5,85.11,179802,76,Technology,84.2,191254,83.4,200917,Increasing: 82.30->83.40->84.20,Medium
149,2022,JEE,CAP Round 1,ST,Mumbai University,All India,Engineering,Information Technology,03110,"Atharva College of Engineering, Malad, Mumbai",Private,Mumbai,Mumbai,Maharashtra,B++,2.9,490,137000,600,4,71.88,338793,78,Technology,78.4,259452,77.6,270227,Increasing: 78.40->79.50->80.30,Low
150,2023,MHT CET,CAP Round 1,ST,Pune University,All India,Engineering,Civil Engineering,06289,"TSSM's Bhivarabai Sawant College of Engineering and Research, Pune",Private,Pune,Pune,Maharashtra,B+,2.64,610,108000,480,4,58.72,103334,84,Civil,63.8,90960,62.7,93555,Increasing: 62.70->63.80->64.60,Low
151,2022,JEE,CAP Round 1,ST,Mumbai University,Other University,Engineering,Artificial Intelligence and Data Science,03148,"Shah & Anchor Kutchhi Engineering College, Chembur, Mumbai",Private,Mumbai,Mumbai,Maharashtra,A,3.07,385,140000,600,4,78.29,260629,68,Technology,83.2,203059,82.4,212304,Increasing: 83.20->84.30->85.10,Low
152,2022,MHT CET,CAP Round 3,EWS,Pune University,Home University,Engineering,Information Technology,06274,"MIT World Peace University School of Engineering, Pune",Private,Pune,Pune,Maharashtra,A+,3.42,199,275000,840,7,95.48,11522,66,Technology,93.6,16213,92.8,18501,Increasing: 93.60->94.70->95.50,Medium
153,2024,JEE,CAP Round 3,EWS,Mumbai University,Other University,Engineering,Electrical Engineering,03116,"St. Francis Institute of Technology, Borivali, Mumbai",Private,Mumbai,Mumbai,Maharashtra,A,3.15,360,150000,660,4,89.65,125824,85,Technology,88.4,139313,87.6,149970,Increasing: 86.50->87.60->88.40,Medium
154,2022,JEE,CAP Round 3,EWS,Mumbai University,Other University,Engineering,Computer Engineering,03183,"Anjuman-I-Islam's M.H. Saboo Siddik College of Engineering, Byculla, Mumbai",Private,Mumbai,Mumbai,Maharashtra,A,3.03,450,130000,540,13,83.7,197160,87,Technology,86.0,169667,85.2,177757,Increasing: 86.00->87.10->87.90,Medium
155,2024,JEE,CAP Round 2,OPEN,Pune University,Home University,Engineering,Information Technology,06292,"Zeal College of Engineering and Research, Pune",Private,Pune,Pune,Maharashtra,B++,2.77,570,100000,540,29,77.67,268680,80,Technology,80.5,235016,79.7,244802,Increasing: 78.60->79.70->80.50,Medium
156,2023,JEE,CAP Round 2,ST,Mumbai University,Other University,Engineering,Electrical Engineering,03122,"Datta Meghe College of Engineering, Mumbai Region",Private,Mumbai,Mumbai,Maharashtra,A,3.09,400,131000,600,6,70.63,352984,85,Technology,78.1,263895,77.0,276477,Increasing: 77.00->78.10->78.90,Low
157,2022,JEE,CAP Round 2,EWS,Mumbai University,All India,Engineering,Artificial Intelligence and Data Science,03113,"Rajiv Gandhi Institute of Technology, Andheri, Mumbai",Private,Mumbai,Mumbai,Maharashtra,B++,2.97,485,135000,540,10,86.68,161618,57,Technology,85.5,175779,84.7,184148,Increasing: 85.50->86.60->87.40,Medium
158,2022,JEE,CAP Round 3,ST,Mumbai University,Home University,Engineering,Electrical Engineering,03104,"K. J. Somaiya College of Engineering, Mumbai",Private,Mumbai,Mumbai,Maharashtra,A,3.29,210,220000,720,9,82.7,209274,66,Technology,84.1,191905,83.3,200956,Increasing: 84.10->85.20->86.00,Medium
159,2023,MHT CET,CAP Round 1,VJNT,Mumbai University,All India,Engineering,Chemical Engineering,03114,"Don Bosco Institute of Technology, Kurla, Mumbai",Private,Mumbai,Mumbai,Maharashtra,B++,2.86,500,128000,480,4,81.23,47172,83,Science,78.4,54511,77.3,57335,Increasing: 77.30->78.40->79.20,High
160,2023,JEE,CAP Round 1,OBC,Pune University,All India,Engineering,Electronics and Telecommunication Engineering,06280,"Sinhgad College of Engineering, Vadgaon, Pune",Private,Pune,Pune,Maharashtra,A,3.12,350,135000,900,25,88.0,145245,88,Technology,91.0,109727,89.9,121364,Increasing: 89.90->91.00->91.80,Medium
161,2023,MHT CET,CAP Round 2,SC,Mumbai University,All India,Engineering,Civil Engineering,03117,"Watumull Institute of Electronics Engineering and Computer Technology, Worli, Mumbai",Private,Mumbai,Mumbai,Maharashtra,B+,2.69,545,128000,360,6,70.69,73713,82,Civil,69.3,76827,68.2,79594,Increasing: 68.20->69.30->70.10,Medium
162,2023,MHT CET,CAP Round 1,EWS,Pune University,Home University,Engineering,Civil Engineering,06272,"Pune Institute of Computer Technology, Pune",Private,Pune,Pune,Maharashtra,A+,3.53,101,125000,660,4,90.41,24010,83,Civil,94.7,13292,93.6,16207,Increasing: 93.60->94.70->95.50,Low
163,2022,JEE,CAP Round 3,OBC,Pune University,All India,Engineering,Mechanical Engineering,06272,"Pune Institute of Computer Technology, Pune",Private,Pune,Pune,Maharashtra,A+,3.54,101,120000,660,25,96.81,38963,66,Mechanical,93.2,82034,92.4,91564,Increasing: 93.20->94.30->95.10,High
164,2024,MHT CET,CAP Round 3,OBC,Mumbai University,Other University,Engineering,Electronics and Telecommunication Engineering,03121,"Pillai College of Engineering, Mumbai Region",Private,Mumbai,Mumbai,Maharashtra,A,3.06,410,148000,660,24,80.86,47998,84,Technology,84.5,39085,83.7,41023,Increasing: 82.60->83.70->84.50,Low
165,2022,JEE,CAP Round 1,OBC,Mumbai University,Other University,Engineering,Chemical Engineering,03124,"Saraswati College of Engineering, Mumbai Region",Private,Mumbai,Mumbai,Maharashtra,B+,2.67,580,107000,420,14,80.12,238805,73,Science,74.7,304090,73.9,313766,Increasing: 74.70->75.80->76.60,High
166,2022,MHT CET,CAP Round 3,VJNT,Pune University,Home University,Engineering,Information Technology,06275,"Maharashtra Institute of Technology, Pune",Private,Pune,Pune,Maharashtra,A,3.25,230,180000,720,4,85.57,36530,42,Technology,89.4,26739,88.6,28579,Increasing: 89.40->90.50->91.30,Low
167,2022,JEE,CAP Round 2,VJNT,Mumbai University,All India,Engineering,Computer Engineering,03116,"St. Francis Institute of Technology, Borivali, Mumbai",Private,Mumbai,Mumbai,Maharashtra,A,3.16,360,150000,660,4,84.34,189461,78,Technology,89.1,131597,88.3,141698,Increasing: 89.10->90.20->91.00,Low
168,2023,JEE,CAP Round 2,EWS,Mumbai University,Home University,Engineering,Cyber Security,03118,"SIES Graduate School of Technology, Mumbai Region",Private,Mumbai,Mumbai,Maharashtra,A,3.12,375,142000,600,4,83.11,204195,72,Technology,89.1,131405,88.0,145756,Increasing: 88.00->89.10->89.90,Low
169,2024,MHT CET,CAP Round 2,ST,Pune University,Home University,Engineering,Robotics and Automation,06139,"Progressive Education Society's Modern College of Engineering, Pune",Private,Pune,Pune,Maharashtra,A,3.06,390,128000,660,6,83.98,40324,97,Technology,78.2,55000,77.4,56783,Increasing: 76.30->77.40->78.20,High
170,2022,MHT CET,CAP Round 3,ST,Mumbai University,Home University,Engineering,Electrical Engineering,03121,"Pillai College of Engineering, Mumbai Region",Private,Mumbai,Mumbai,Maharashtra,A,3.06,410,133000,660,4,66.07,85171,94,Technology,73.1,67311,72.3,69816,Increasing: 73.10->74.20->75.00,Low
171,2024,MHT CET,CAP Round 2,OPEN,Mumbai University,All India,Engineering,Mechanical Engineering,03148,"Shah & Anchor Kutchhi Engineering College, Chembur, Mumbai",Private,Mumbai,Mumbai,Maharashtra,A,3.09,385,140000,600,27,86.62,33852,67,Mechanical,87.3,31913,86.5,33822,Increasing: 85.40->86.50->87.30,Medium
172,2024,MHT CET,CAP Round 2,OPEN,Pune University,Home University,Engineering,Chemical Engineering,06276,"Army Institute of Technology, Pune",Private,Pune,Pune,Maharashtra,A,3.33,180,180000,480,19,90.29,24832,59,Science,94.9,13120,94.1,15134,Increasing: 93.00->94.10->94.90,Low
173,2022,MHT CET,CAP Round 1,OBC,Pune University,All India,Engineering,Computer Engineering,06285,"Dhole Patil College of Engineering, Pune",Private,Pune,Pune,Maharashtra,B+,2.7,600,108000,480,15,82.91,43141,68,Technology,77.6,56234,76.8,58496,Increasing: 77.60->78.70->79.50,High
174,2023,JEE,CAP Round 3,OBC,Mumbai University,Other University,Engineering,Electrical Engineering,03118,"SIES Graduate School of Technology, Mumbai Region",Private,Mumbai,Mumbai,Maharashtra,A,3.07,375,137000,600,24,91.3,105168,70,Technology,84.9,181991,83.8,194579,Increasing: 83.80->84.90->85.70,High
175,2022,MHT CET,CAP Round 2,EWS,Mumbai University,Home University,Engineering,Chemical Engineering,03118,"SIES Graduate School of Technology, Mumbai Region",Private,Mumbai,Mumbai,Maharashtra,A,3.09,375,147000,600,12,84.36,39541,79,Science,82.7,43677,81.9,45377,Increasing: 82.70->83.80->84.60,Medium
176,2024,JEE,CAP Round 3,VJNT,Pune University,All India,Engineering,Electronics and Telecommunication Engineering,06175,"Pimpri Chinchwad College of Engineering, Pune",Private,Pune,Pune,Maharashtra,A++,3.61,220,155000,960,8,96.66,41410,95,Technology,92.6,89258,91.8,98838,Increasing: 90.70->91.80->92.60,High
177,2023,MHT CET,CAP Round 3,EWS,Pune University,Other University,Engineering,Robotics and Automation,06146,"MIT Academy of Engineering, Alandi, Pune",Private,Pune,Pune,Maharashtra,A,3.2,310,170000,840,6,89.18,27522,70,Technology,89.6,26474,88.5,29081,Increasing: 88.50->89.60->90.40,Medium
178,2024,MHT CET,CAP Round 1,EWS,Pune University,Other University,Engineering,Civil Engineering,06277,"Bharati Vidyapeeth College of Engineering, Pune",Private,Pune,Pune,Maharashtra,A+,3.43,250,145000,720,10,88.34,29287,77,Civil,91.2,22054,90.4,24128,Increasing: 89.30->90.40->91.20,Medium
179,2022,MHT CET,CAP Round 1,OPEN,Mumbai University,All India,Engineering,Electrical Engineering,03124,"Saraswati College of Engineering, Mumbai Region",Private,Mumbai,Mumbai,Maharashtra,B+,2.68,580,107000,420,25,71.66,71342,72,Technology,78.6,53529,77.8,55692,Increasing: 78.60->79.70->80.50,Low
180,2023,MHT CET,CAP Round 2,OBC,Mumbai University,Home University,Engineering,Electronics and Telecommunication Engineering,03114,"Don Bosco Institute of Technology, Kurla, Mumbai",Private,Mumbai,Mumbai,Maharashtra,B++,2.86,500,133000,480,16,71.41,71752,91,Technology,79.2,52059,78.1,54991,Increasing: 78.10->79.20->80.00,Low
181,2024,MHT CET,CAP Round 2,OBC,Mumbai University,All India,Engineering,Computer Engineering,03103,"Dwarkadas J. Sanghvi College of Engineering, Mumbai",Private,Mumbai,Mumbai,Maharashtra,A+,3.5,160,215000,720,16,92.36,19535,83,Technology,99.95,488,99.9,804,Increasing: 98.80->99.90->99.95,Low
182,2022,JEE,CAP Round 2,EWS,Pune University,Other University,Engineering,Cyber Security,06290,"NBN Sinhgad School of Engineering, Pune",Private,Pune,Pune,Maharashtra,B+,2.64,630,91000,420,5,70.98,349348,80,Technology,73.7,316692,72.9,325876,Increasing: 73.70->74.80->75.60,Medium
183,2023,MHT CET,CAP Round 1,SC,Mumbai University,All India,Engineering,Electronics and Telecommunication Engineering,03104,"K. J. Somaiya College of Engineering, Mumbai",Private,Mumbai,Mumbai,Maharashtra,A,3.32,210,215000,720,5,98.26,4748,80,Technology,93.0,17589,91.9,20269,Increasing: 91.90->93.00->93.80,High
184,2023,JEE,CAP Round 2,EWS,Pune University,All India,Engineering,Civil Engineering,06732,"Ajeenkya DY Patil School of Engineering, Lohegaon, Pune",Private,Pune,Pune,Maharashtra,B++,2.86,540,130000,600,14,71.76,339715,80,Civil,75.0,300848,73.9,314961,Increasing: 73.90->75.00->75.80,Low
185,2022,MHT CET,CAP Round 1,ST,Mumbai University,Other University,Engineering,Artificial Intelligence and Data Science,03103,"Dwarkadas J. Sanghvi College of Engineering, Mumbai",Private,Mumbai,Mumbai,Maharashtra,A+,3.52,160,215000,720,5,91.39,22049,66,Technology,92.9,18122,92.1,20307,Increasing: 92.90->94.00->94.80,Medium
186,2024,JEE,CAP Round 2,ST,Mumbai University,Home University,Engineering,Robotics and Automation,03125,"M.H. Saboo Siddik College of Engineering, Mumbai",Private,Mumbai,Mumbai,Maharashtra,A,3.03,475,117000,420,5,82.18,215055,58,Technology,75.7,292142,74.9,301280,Increasing: 73.80->74.90->75.70,High
187,2022,JEE,CAP Round 2,ST,Pune University,All India,Engineering,Mechanical Engineering,06271,"COEP Technological University, Pune",Govt,Pune,Pune,Maharashtra,A++,3.75,73,45000,720,4,92.35,92169,75,Mechanical,88.4,140797,87.6,150037,Increasing: 88.40->89.50->90.30,High
188,2023,MHT CET,CAP Round 2,OBC,Pune University,All India,Engineering,Civil Engineering,06274,"MIT World Peace University School of Engineering, Pune",Private,Pune,Pune,Maharashtra,A+,3.43,199,275000,840,19,94.25,14798,66,Civil,90.3,24314,89.2,27343,Increasing: 89.20->90.30->91.10,High
189,2022,MHT CET,CAP Round 3,OPEN,Pune University,Home University,Engineering,Robotics and Automation,06206,"Pune District Education Association's College of Engineering, Pune",Private,Pune,Pune,Maharashtra,B++,2.83,560,100000,420,26,73.06,67470,59,Technology,75.1,62804,74.3,64274,Increasing: 75.10->76.20->77.00,Medium
190,2023,MHT CET,CAP Round 3,VJNT,Mumbai University,All India,Engineering,Robotics and Automation,03184,"Fr. Conceicao Rodrigues College of Engineering, Bandra, Mumbai",Private,Mumbai,Mumbai,Maharashtra,A,3.19,270,165000,600,6,83.86,40924,70,Technology,90.2,24724,89.1,27348,Increasing: 89.10->90.20->91.00,Low
191,2023,JEE,CAP Round 3,SC,Mumbai University,All India,Engineering,Electronics and Telecommunication Engineering,03119,"MGM College of Engineering and Technology, Mumbai Region",Private,Mumbai,Mumbai,Maharashtra,B+,2.73,525,115000,480,4,67.12,396285,57,Technology,74.3,310049,73.2,322106,Increasing: 73.20->74.30->75.10,Low
192,2024,JEE,CAP Round 2,OPEN,Pune University,Other University,Engineering,Cyber Security,06273,"Vishwakarma Institute of Technology, Bibwewadi, Pune",Private,Pune,Pune,Maharashtra,A++,3.61,151,190000,900,47,99.95,987,86,Technology,99.95,1920,99.95,2097,Stable: 99.95->99.95->99.95,Medium
193,2022,JEE,CAP Round 3,SC,Pune University,All India,Engineering,Cyber Security,06290,"NBN Sinhgad School of Engineering, Pune",Private,Pune,Pune,Maharashtra,B+,2.63,630,106000,420,12,63.19,442085,63,Technology,67.4,391791,66.6,402269,Increasing: 67.40->68.50->69.30,Low
194,2023,JEE,CAP Round 2,OPEN,Mumbai University,Other University,Engineering,Computer Engineering,03182,"Thadomal Shahani Engineering College, Bandra, Mumbai",Private,Mumbai,Mumbai,Maharashtra,A,3.29,225,185000,660,36,99.95,1690,78,Technology,99.95,2011,99.8,3855,Stable: 99.80->99.95->99.95,Medium
195,2023,JEE,CAP Round 2,OBC,Mumbai University,Home University,Engineering,Mechanical Engineering,03121,"Pillai College of Engineering, Mumbai Region",Private,Mumbai,Mumbai,Maharashtra,A,3.06,410,133000,660,16,80.64,232803,76,Mechanical,81.7,220028,80.6,234546,Increasing: 80.60->81.70->82.50,Medium
196,2022,JEE,CAP Round 2,ST,Pune University,Other University,Engineering,Electrical Engineering,06272,"Pune Institute of Computer Technology, Pune",Private,Pune,Pune,Maharashtra,A+,3.57,101,125000,660,4,92.7,88501,56,Technology,88.5,139695,87.7,148395,Increasing: 88.50->89.60->90.40,High
197,2024,MHT CET,CAP Round 1,SC,Mumbai University,Other University,Engineering,Computer Engineering,03102,"Sardar Patel Institute of Technology, Mumbai",Private,Mumbai,Mumbai,Maharashtra,A+,3.58,125,185000,600,14,90.93,22711,55,Technology,98.2,4797,97.4,6769,Increasing: 96.30->97.40->98.20,Low
198,2023,MHT CET,CAP Round 2,ST,Mumbai University,Other University,Engineering,Electronics and Telecommunication Engineering,03148,"Shah & Anchor Kutchhi Engineering College, Chembur, Mumbai",Private,Mumbai,Mumbai,Maharashtra,A,3.06,385,135000,600,5,75.76,60936,91,Technology,78.9,52963,77.8,55958,Increasing: 77.80->78.90->79.70,Low
199,2022,MHT CET,CAP Round 3,ST,Mumbai University,Home University,Engineering,Cyber Security,03111,"Rizvi College of Engineering, Bandra, Mumbai",Private,Mumbai,Mumbai,Maharashtra,B++,2.86,505,130000,480,6,77.06,57914,85,Technology,71.1,72805,70.3,74438,Increasing: 71.10->72.20->73.00,High
200,2024,JEE,CAP Round 2,OBC,Pune University,Home University,Engineering,Civil Engineering,06206,"Pune District Education Association's College of Engineering, Pune",Private,Pune,Pune,Maharashtra,B++,2.83,560,100000,420,14,77.24,274087,66,Civil,71.8,339110,71.0,348664,Increasing: 69.90->71.00->71.80,High
201,2022,JEE,CAP Round 2,OBC,Pune University,Other University,Engineering,Civil Engineering,06285,"Dhole Patil College of Engineering, Pune",Private,Pune,Pune,Maharashtra,B+,2.71,600,93000,480,16,65.13,419719,67,Civil,69.1,371257,68.3,381703,Increasing: 69.10->70.20->71.00,Low
202,2023,MHT CET,CAP Round 1,SC,Pune University,All India,Engineering,Electronics and Telecommunication Engineering,06732,"Ajeenkya DY Patil School of Engineering, Lohegaon, Pune",Private,Pune,Pune,Maharashtra,B++,2.87,540,115000,600,10,70.51,73888,73,Technology,74.5,64081,73.4,66580,Increasing: 73.40->74.50->75.30,Low
203,2023,JEE,CAP Round 2,OBC,Mumbai University,Other University,Engineering,Chemical Engineering,03183,"Anjuman-I-Islam's M.H. Saboo Siddik College of Engineering, Byculla, Mumbai",Private,Mumbai,Mumbai,Maharashtra,A,3.05,450,125000,540,19,85.24,177306,64,Science,81.8,219454,80.7,231962,Increasing: 80.70->81.80->82.60,High
204,2022,MHT CET,CAP Round 2,OPEN,Mumbai University,All India,Engineering,Chemical Engineering,03117,"Watumull Institute of Electronics Engineering and Computer Technology, Worli, Mumbai",Private,Mumbai,Mumbai,Maharashtra,B+,2.71,545,128000,360,14,75.68,60871,73,Science,77.3,57008,76.5,59025,Increasing: 77.30->78.40->79.20,Medium
205,2022,MHT CET,CAP Round 3,OPEN,Mumbai University,Home University,Engineering,Electrical Engineering,03125,"M.H. Saboo Siddik College of Engineering, Mumbai",Private,Mumbai,Mumbai,Maharashtra,A,3.0,475,117000,420,20,78.99,52784,82,Technology,80.1,50333,79.3,52155,Increasing: 80.10->81.20->82.00,Medium
206,2022,MHT CET,CAP Round 2,OPEN,Pune University,Other University,Engineering,Information Technology,06325,"Alard College of Engineering and Management, Pune",Private,Pune,Pune,Maharashtra,B+,2.62,620,100000,420,21,73.88,65336,83,Technology,75.8,60632,75.0,62683,Increasing: 75.80->76.90->77.70,Medium
207,2024,JEE,CAP Round 1,VJNT,Mumbai University,Home University,Engineering,Chemical Engineering,03183,"Anjuman-I-Islam's M.H. Saboo Siddik College of Engineering, Byculla, Mumbai",Private,Mumbai,Mumbai,Maharashtra,A,3.04,450,130000,540,5,74.26,309652,58,Science,81.4,224161,80.6,234186,Increasing: 79.50->80.60->81.40,Low
208,2022,JEE,CAP Round 2,VJNT,Pune University,All India,Engineering,Information Technology,06275,"Maharashtra Institute of Technology, Pune",Private,Pune,Pune,Maharashtra,A,3.26,230,185000,720,6,96.31,45278,75,Technology,93.4,80824,92.6,89641,Increasing: 93.40->94.50->95.30,High
209,2022,JEE,CAP Round 3,SC,Mumbai University,Other University,Engineering,Electronics and Telecommunication Engineering,03184,"Fr. Conceicao Rodrigues College of Engineering, Bandra, Mumbai",Private,Mumbai,Mumbai,Maharashtra,A,3.22,270,165000,600,8,82.81,207250,79,Technology,86.8,158593,86.0,168245,Increasing: 86.80->87.90->88.70,Low
210,2023,MHT CET,CAP Round 3,SC,Pune University,Home University,Engineering,Cyber Security,06325,"Alard College of Engineering and Management, Pune",Private,Pune,Pune,Maharashtra,B+,2.63,620,105000,420,11,63.78,90889,64,Technology,66.7,83772,65.6,86362,Increasing: 65.60->66.70->67.50,Medium
211,2024,JEE,CAP Round 3,ST,Pune University,All India,Engineering,Information Technology,06283,"Indira College of Engineering and Management, Pune",Private,Pune,Pune,Maharashtra,B++,2.92,520,100000,540,8,74.97,301613,68,Technology,74.1,312006,73.3,321288,Increasing: 72.20->73.30->74.10,Medium
212,2024,JEE,CAP Round 1,OPEN,Pune University,Other University,Engineering,Cyber Security,06273,"Vishwakarma Institute of Technology, Bibwewadi, Pune",Private,Pune,Pune,Maharashtra,A++,3.63,151,200000,900,39,95.02,59996,98,Technology,99.95,712,99.95,1874,Stable: 99.95->99.95->99.95,Low
213,2024,JEE,CAP Round 1,OPEN,Mumbai University,Other University,Engineering,Computer Engineering,03125,"M.H. Saboo Siddik College of Engineering, Mumbai",Private,Mumbai,Mumbai,Maharashtra,A,3.02,475,122000,420,17,84.94,181117,93,Technology,91.4,103976,90.6,112874,Increasing: 89.50->90.60->91.40,Low
214,2024,MHT CET,CAP Round 2,ST,Mumbai University,Home University,Engineering,Electronics and Telecommunication Engineering,03104,"K. J. Somaiya College of Engineering, Mumbai",Private,Mumbai,Mumbai,Maharashtra,A,3.3,210,225000,720,9,79.89,50577,91,Technology,87.5,31557,86.7,33408,Increasing: 85.60->86.70->87.50,Low
215,2024,MHT CET,CAP Round 1,ST,Mumbai University,Other University,Engineering,Information Technology,03101,"Veermata Jijabai Technological Institute (VJTI), Mumbai",Govt,Mumbai,Mumbai,Maharashtra,A++,3.76,84,90000,720,8,93.65,15948,86,Technology,96.0,10484,95.2,12250,Increasing: 94.10->95.20->96.00,Medium
216,2022,JEE,CAP Round 1,OPEN,Mumbai University,Other University,Engineering,Information Technology,03121,"Pillai College of Engineering, Mumbai Region",Private,Mumbai,Mumbai,Maharashtra,A,3.09,410,148000,660,36,86.75,160649,63,Technology,91.8,99507,91.0,109648,Increasing: 91.80->92.90->93.70,Low
217,2023,MHT CET,CAP Round 2,EWS,Mumbai University,All India,Engineering,Chemical Engineering,03116,"St. Francis Institute of Technology, Borivali, Mumbai",Private,Mumbai,Mumbai,Maharashtra,A,3.19,360,150000,660,10,86.35,34604,67,Science,87.1,32326,86.0,35213,Increasing: 86.00->87.10->87.90,Medium
218,2023,JEE,CAP Round 1,OPEN,Mumbai University,Home University,Engineering,Computer Engineering,03184,"Fr. Conceicao Rodrigues College of Engineering, Bandra, Mumbai",Private,Mumbai,Mumbai,Maharashtra,A,3.18,270,175000,600,25,99.95,1519,85,Technology,99.95,746,99.0,13254,Stable: 99.00->99.95->99.95,Medium
219,2023,MHT CET,CAP Round 3,VJNT,Mumbai University,Other University,Engineering,Robotics and Automation,03102,"Sardar Patel Institute of Technology, Mumbai",Private,Mumbai,Mumbai,Maharashtra,A+,3.55,125,175000,600,4,95.59,11504,100,Technology,94.2,14837,93.1,17746,Increasing: 93.10->94.20->95.00,Medium
220,2022,JEE,CAP Round 1,ST,Mumbai University,All India,Engineering,Computer Engineering,03104,"K. J. Somaiya College of Engineering, Mumbai",Private,Mumbai,Mumbai,Maharashtra,A,3.31,210,220000,720,6,89.98,121661,84,Technology,93.1,83328,92.3,92670,Increasing: 93.10->94.20->95.00,Low
221,2023,MHT CET,CAP Round 2,VJNT,Pune University,All India,Engineering,Cyber Security,06139,"Progressive Education Society's Modern College of Engineering, Pune",Private,Pune,Pune,Maharashtra,A,3.07,390,118000,660,4,91.89,20395,82,Technology,85.7,36189,84.6,38822,Increasing: 84.60->85.70->86.50,High
222,2024,MHT CET,CAP Round 2,ST,Mumbai University,All India,Engineering,Mechanical Engineering,03113,"Rajiv Gandhi Institute of Technology, Andheri, Mumbai",Private,Mumbai,Mumbai,Maharashtra,B++,2.96,485,130000,540,8,69.35,77078,80,Mechanical,72.8,68247,72.0,70411,Increasing: 70.90->72.00->72.80,Low
223,2024,MHT CET,CAP Round 1,ST,Pune University,Home University,Engineering,Mechanical Engineering,06288,"Genba Sopanrao Moze College of Engineering, Pune",Private,Pune,Pune,Maharashtra,B,2.47,700,95000,360,4,62.65,93545,82,Mechanical,59.0,102710,58.2,104832,Increasing: 57.10->58.20->59.00,High
224,2024,MHT CET,CAP Round 1,OPEN,Pune University,Home University,Engineering,Chemical Engineering,06175,"Pimpri Chinchwad College of Engineering, Pune",Private,Pune,Pune,Maharashtra,A++,3.6,220,145000,960,41,89.16,27462,72,Science,95.4,11859,94.6,14061,Increasing: 93.50->94.60->95.40,Low
225,2022,JEE,CAP Round 1,ST,Mumbai University,Home University,Engineering,Artificial Intelligence and Data Science,03104,"K. J. Somaiya College of Engineering, Mumbai",Private,Mumbai,Mumbai,Maharashtra,A,3.27,210,220000,720,4,92.47,91189,85,Technology,91.0,108569,90.2,119239,Increasing: 91.00->92.10->92.90,Medium
226,2022,JEE,CAP Round 2,OBC,Pune University,All India,Engineering,Electronics and Telecommunication Engineering,06276,"Army Institute of Technology, Pune",Private,Pune,Pune,Maharashtra,A,3.28,180,185000,480,20,97.74,28821,100,Technology,95.4,56119,94.6,64881,Increasing: 95.40->96.50->97.30,Medium
227,2022,JEE,CAP Round 1,VJNT,Pune University,All India,Engineering,Civil Engineering,06274,"MIT World Peace University School of Engineering, Pune",Private,Pune,Pune,Maharashtra,A+,3.44,199,285000,840,5,85.13,179362,78,Civil,90.2,118330,89.4,128185,Increasing: 90.20->91.30->92.10,Low
228,2022,MHT CET,CAP Round 2,ST,Pune University,All India,Engineering,Mechanical Engineering,06288,"Genba Sopanrao Moze College of Engineering, Pune",Private,Pune,Pune,Maharashtra,B,2.48,700,95000,360,6,52.85,118256,53,Mechanical,56.9,107944,56.1,110264,Increasing: 56.90->58.00->58.80,Low
229,2023,MHT CET,CAP Round 1,OBC,Pune University,Other University,Engineering,Chemical Engineering,06292,"Zeal College of Engineering and Research, Pune",Private,Pune,Pune,Maharashtra,B++,2.83,570,105000,540,13,66.9,83258,63,Science,74.3,64696,73.2,67108,Increasing: 73.20->74.30->75.10,Low
230,2022,JEE,CAP Round 1,VJNT,Mumbai University,Home University,Engineering,Artificial Intelligence and Data Science,03119,"MGM College of Engineering and Technology, Mumbai Region",Private,Mumbai,Mumbai,Maharashtra,B+,2.73,525,120000,480,4,79.21,250166,71,Technology,79.5,246690,78.7,256759,Increasing: 79.50->80.60->81.40,Medium
231,2024,JEE,CAP Round 3,SC,Pune University,Other University,Engineering,Chemical Engineering,06325,"Alard College of Engineering and Management, Pune",Private,Pune,Pune,Maharashtra,B+,2.63,620,105000,420,9,68.02,385476,75,Science,65.4,416063,64.6,424966,Increasing: 63.50->64.60->65.40,High
232,2024,MHT CET,CAP Round 2,VJNT,Pune University,Other University,Engineering,Electrical Engineering,06732,"Ajeenkya DY Patil School of Engineering, Lohegaon, Pune",Private,Pune,Pune,Maharashtra,B++,2.86,540,120000,600,5,71.76,70770,70,Technology,73.9,65354,73.1,67763,Increasing: 72.00->73.10->73.90,Medium
233,2022,JEE,CAP Round 1,EWS,Pune University,Other University,Engineering,Cyber Security,06282,"JSPM Rajarshi Shahu College of Engineering, Tathawade, Pune",Private,Pune,Pune,Maharashtra,A,3.01,420,110000,780,11,82.27,213364,84,Technology,89.2,131140,88.4,139985,Increasing: 89.20->90.30->91.10,Low
234,2023,JEE,CAP Round 3,SC,Mumbai University,All India,Engineering,Chemical Engineering,03122,"Datta Meghe College of Engineering, Mumbai Region",Private,Mumbai,Mumbai,Maharashtra,A,3.06,400,131000,600,14,75.16,299498,73,Science,78.7,255832,77.6,269893,Increasing: 77.60->78.70->79.50,Low
235,2024,JEE,CAP Round 3,VJNT,Mumbai University,Other University,Engineering,Chemical Engineering,03124,"Saraswati College of Engineering, Mumbai Region",Private,Mumbai,Mumbai,Maharashtra,B+,2.64,580,122000,420,4,68.87,373930,62,Science,71.4,343849,70.6,354199,Increasing: 69.50->70.60->71.40,Medium
236,2022,JEE,CAP Round 3,OPEN,Pune University,All India,Engineering,Electronics and Telecommunication Engineering,06291,"RMD Sinhgad School of Engineering, Pune",Private,Pune,Pune,Maharashtra,B++,2.77,590,112000,480,23,82.69,207793,73,Technology,76.2,285932,75.4,295439,Increasing: 76.20->77.30->78.10,High
237,2024,MHT CET,CAP Round 1,EWS,Mumbai University,All India,Engineering,Electrical Engineering,03104,"K. J. Somaiya College of Engineering, Mumbai",Private,Mumbai,Mumbai,Maharashtra,A,3.3,210,230000,720,13,99.95,332,53,Technology,98.2,5040,97.4,6699,Increasing: 96.30->97.40->98.20,Medium
238,2022,MHT CET,CAP Round 3,ST,Mumbai University,Home University,Engineering,Chemical Engineering,03112,"Xavier Institute of Engineering, Mahim, Mumbai",Private,Mumbai,Mumbai,Maharashtra,A,3.0,460,140000,420,5,62.72,93559,59,Science,69.8,75609,69.0,77755,Increasing: 69.80->70.90->71.70,Low
239,2023,MHT CET,CAP Round 3,OBC,Mumbai University,Other University,Engineering,Chemical Engineering,03182,"Thadomal Shahani Engineering College, Bandra, Mumbai",Private,Mumbai,Mumbai,Maharashtra,A,3.25,225,185000,660,20,94.0,15320,65,Science,90.4,24512,89.3,27112,Increasing: 89.30->90.40->91.20,High
240,2022,MHT CET,CAP Round 3,OPEN,Pune University,Other University,Engineering,Mechanical Engineering,06175,"Pimpri Chinchwad College of Engineering, Pune",Private,Pune,Pune,Maharashtra,A++,3.59,220,150000,960,51,94.48,14101,67,Mechanical,91.1,22773,90.3,24601,Increasing: 91.10->92.20->93.00,High
241,2024,JEE,CAP Round 2,SC,Pune University,All India,Engineering,Civil Engineering,06206,"Pune District Education Association's College of Engineering, Pune",Private,Pune,Pune,Maharashtra,B++,2.84,560,90000,420,9,66.99,397181,73,Civil,69.1,372142,68.3,381606,Increasing: 67.20->68.30->69.10,Medium
242,2023,MHT CET,CAP Round 1,VJNT,Pune University,Other University,Engineering,Information Technology,06280,"Sinhgad College of Engineering, Vadgaon, Pune",Private,Pune,Pune,Maharashtra,A,3.11,350,135000,900,4,95.89,10504,92,Technology,89.4,26917,88.3,29695,Increasing: 88.30->89.40->90.20,High
243,2024,MHT CET,CAP Round 2,ST,Mumbai University,Home University,Engineering,Electrical Engineering,03185,"Vivekanand Education Society's Institute of Technology, Chembur, Mumbai",Private,Mumbai,Mumbai,Maharashtra,A+,3.35,285,155000,720,8,78.16,55001,86,Technology,83.2,42561,82.4,44063,Increasing: 81.30->82.40->83.20,Low
244,2024,JEE,CAP Round 1,EWS,Pune University,Other University,Engineering,Electrical Engineering,06283,"Indira College of Engineering and Management, Pune",Private,Pune,Pune,Maharashtra,B++,2.9,520,100000,540,7,81.27,226533,77,Technology,81.6,221570,80.8,231600,Increasing: 79.70->80.80->81.60,Medium
245,2024,MHT CET,CAP Round 1,ST,Pune University,Home University,Engineering,Cyber Security,06175,"Pimpri Chinchwad College of Engineering, Pune",Private,Pune,Pune,Maharashtra,A++,3.63,220,140000,960,6,83.15,42568,92,Technology,89.7,26251,88.9,27891,Increasing: 87.80->88.90->89.70,Low
246,2023,JEE,CAP Round 3,VJNT,Mumbai University,Home University,Engineering,Cyber Security,03139,"Vidyalankar Institute of Technology, Wadala, Mumbai",Private,Mumbai,Mumbai,Maharashtra,A+,3.33,340,155000,720,4,93.18,83455,80,Technology,87.5,150551,86.4,164781,Increasing: 86.40->87.50->88.30,High
247,2022,JEE,CAP Round 2,OPEN,Pune University,Home University,Engineering,Civil Engineering,06275,"Maharashtra Institute of Technology, Pune",Private,Pune,Pune,Maharashtra,A,3.22,230,175000,720,35,95.19,58132,80,Civil,90.4,116408,89.6,126265,Increasing: 90.40->91.50->92.30,High
248,2022,JEE,CAP Round 1,VJNT,Mumbai University,All India,Engineering,Mechanical Engineering,03114,"Don Bosco Institute of Technology, Kurla, Mumbai",Private,Mumbai,Mumbai,Maharashtra,B++,2.87,500,133000,480,7,78.35,260484,80,Mechanical,77.9,266491,77.1,275012,Increasing: 77.90->79.00->79.80,Medium
249,2023,JEE,CAP Round 1,OBC,Pune University,Other University,Engineering,Artificial Intelligence and Data Science,06290,"NBN Sinhgad School of Engineering, Pune",Private,Pune,Pune,Maharashtra,B+,2.65,630,96000,420,18,78.25,262655,71,Technology,76.3,285300,75.2,299153,Increasing: 75.20->76.30->77.10,Medium
250,2022,MHT CET,CAP Round 1,OPEN,Mumbai University,Other University,Engineering,Information Technology,03122,"Datta Meghe College of Engineering, Mumbai Region",Private,Mumbai,Mumbai,Maharashtra,A,3.04,400,141000,600,34,83.87,40901,77,Technology,91.3,22192,90.5,23854,Increasing: 91.30->92.40->93.20,Low
251,2023,JEE,CAP Round 3,VJNT,Pune University,All India,Engineering,Computer Engineering,06155,"G.H. Raisoni College of Engineering and Management, Wagholi, Pune",Private,Pune,Pune,Maharashtra,A,3.02,510,122000,660,5,75.99,289446,60,Technology,80.0,240301,78.9,254787,Increasing: 78.90->80.00->80.80,Low
252,2023,JEE,CAP Round 3,VJNT,Mumbai University,Other University,Engineering,Chemical Engineering,03185,"Vivekanand Education Society's Institute of Technology, Chembur, Mumbai",Private,Mumbai,Mumbai,Maharashtra,A+,3.39,285,155000,720,4,84.29,190138,61,Science,87.1,156351,86.0,169157,Increasing: 86.00->87.10->87.90,Medium
253,2022,JEE,CAP Round 1,EWS,Pune University,Home University,Engineering,Civil Engineering,06272,"Pune Institute of Computer Technology, Pune",Private,Pune,Pune,Maharashtra,A+,3.54,101,125000,660,4,99.95,793,70,Civil,94.6,65236,93.8,75420,Increasing: 94.60->95.70->96.50,High
254,2024,MHT CET,CAP Round 2,EWS,Mumbai University,All India,Engineering,Information Technology,03118,"SIES Graduate School of Technology, Mumbai Region",Private,Mumbai,Mumbai,Maharashtra,A,3.07,375,147000,600,14,86.73,33276,90,Technology,91.0,22700,90.2,24642,Increasing: 89.10->90.20->91.00,Low
255,2023,MHT CET,CAP Round 2,EWS,Mumbai University,All India,Engineering,Mechanical Engineering,03125,"M.H. Saboo Siddik College of Engineering, Mumbai",Private,Mumbai,Mumbai,Maharashtra,A,3.0,475,127000,420,9,82.97,43078,69,Mechanical,80.7,48494,79.6,51596,Increasing: 79.60->80.70->81.50,Medium
256,2022,MHT CET,CAP Round 1,VJNT,Pune University,Other University,Engineering,Information Technology,06291,"RMD Sinhgad School of Engineering, Pune",Private,Pune,Pune,Maharashtra,B++,2.79,590,102000,480,9,74.02,65331,65,Technology,74.8,63552,74.0,65356,Increasing: 74.80->75.90->76.70,Medium
257,2023,JEE,CAP Round 1,OBC,Pune University,Home University,Engineering,Computer Engineering,06175,"Pimpri Chinchwad College of Engineering, Pune",Private,Pune,Pune,Maharashtra,A++,3.58,220,145000,960,24,96.19,46031,89,Technology,97.9,25687,96.8,39775,Increasing: 96.80->97.90->98.70,Medium
258,2023,JEE,CAP Round 1,OPEN,Pune University,Other University,Engineering,Artificial Intelligence and Data Science,06271,"COEP Technological University, Pune",Govt,Pune,Pune,Maharashtra,A++,3.76,73,45000,720,35,99.58,6320,86,Technology,99.95,1769,99.95,948,Stable: 99.95->99.95->99.95,Medium
259,2022,JEE,CAP Round 2,VJNT,Mumbai University,All India,Engineering,Cyber Security,03122,"Datta Meghe College of Engineering, Mumbai Region",Private,Mumbai,Mumbai,Maharashtra,A,3.04,400,146000,600,4,78.6,257705,79,Technology,85.6,173481,84.8,182720,Increasing: 85.60->86.70->87.50,Low
260,2023,MHT CET,CAP Round 2,VJNT,Mumbai University,All India,Engineering,Information Technology,03117,"Watumull Institute of Electronics Engineering and Computer Technology, Worli, Mumbai",Private,Mumbai,Mumbai,Maharashtra,B+,2.71,545,128000,360,7,70.13,74741,68,Technology,78.0,55195,76.9,58319,Increasing: 76.90->78.00->78.80,Low
261,2024,JEE,CAP Round 1,OBC,Mumbai University,Other University,Engineering,Electrical Engineering,03111,"Rizvi College of Engineering, Bandra, Mumbai",Private,Mumbai,Mumbai,Maharashtra,B++,2.84,505,130000,480,19,74.63,305114,91,Technology,82.4,212231,81.6,221486,Increasing: 80.50->81.60->82.40,Low
262,2024,JEE,CAP Round 1,SC,Pune University,All India,Engineering,Information Technology,06289,"TSSM's Bhivarabai Sawant College of Engineering and Research, Pune",Private,Pune,Pune,Maharashtra,B+,2.66,610,98000,480,11,74.6,305600,96,Technology,74.3,309029,73.5,318979,Increasing: 72.40->73.50->74.30,Medium
263,2023,MHT CET,CAP Round 2,SC,Pune University,Home University,Engineering,Electronics and Telecommunication Engineering,06279,"Dr. D. Y. Patil Institute of Technology, Pimpri, Pune",Private,Pune,Pune,Maharashtra,A,3.18,260,140000,780,4,78.55,53706,90,Technology,85.2,37114,84.1,39945,Increasing: 84.10->85.20->86.00,Low
264,2022,MHT CET,CAP Round 1,VJNT,Mumbai University,Other University,Engineering,Information Technology,03101,"Veermata Jijabai Technological Institute (VJTI), Mumbai",Govt,Mumbai,Mumbai,Maharashtra,A++,3.73,84,85000,720,10,97.36,7103,79,Technology,99.1,2574,98.3,4304,Stable: 99.10->99.95->99.95,Medium
265,2024,JEE,CAP Round 1,SC,Pune University,All India,Engineering,Electronics and Telecommunication Engineering,06175,"Pimpri Chinchwad College of Engineering, Pune",Private,Pune,Pune,Maharashtra,A++,3.61,220,150000,960,13,91.44,103601,69,Technology,93.3,80704,92.5,91772,Increasing: 91.40->92.50->93.30,Medium
266,2023,JEE,CAP Round 1,EWS,Mumbai University,Home University,Engineering,Electronics and Telecommunication Engineering,03102,"Sardar Patel Institute of Technology, Mumbai",Private,Mumbai,Mumbai,Maharashtra,A+,3.61,125,185000,600,10,92.82,87401,87,Technology,99.95,1615,99.1,11606,Stable: 99.10->99.95->99.95,Low
267,2023,MHT CET,CAP Round 1,OPEN,Pune University,All India,Engineering,Chemical Engineering,06139,"Progressive Education Society's Modern College of Engineering, Pune",Private,Pune,Pune,Maharashtra,A,3.03,390,123000,660,35,82.35,44301,61,Science,88.4,29263,87.3,32124,Increasing: 87.30->88.40->89.20,Low
268,2022,MHT CET,CAP Round 1,SC,Pune University,All India,Engineering,Civil Engineering,06280,"Sinhgad College of Engineering, Vadgaon, Pune",Private,Pune,Pune,Maharashtra,A,3.09,350,130000,900,6,74.87,62907,85,Civil,80.2,49594,79.4,51711,Increasing: 80.20->81.30->82.10,Low
269,2023,MHT CET,CAP Round 3,OPEN,Mumbai University,Home University,Engineering,Electronics and Telecommunication Engineering,03185,"Vivekanand Education Society's Institute of Technology, Chembur, Mumbai",Private,Mumbai,Mumbai,Maharashtra,A+,3.38,285,160000,720,32,97.56,6243,88,Technology,92.5,18845,91.4,21919,Increasing: 91.40->92.50->93.30,High
270,2023,MHT CET,CAP Round 1,VJNT,Mumbai University,Home University,Engineering,Chemical Engineering,03120,"Terna Engineering College, Mumbai Region",Private,Mumbai,Mumbai,Maharashtra,B+,2.69,550,115000,480,4,72.78,68088,64,Science,73.1,67659,72.0,70572,Increasing: 72.00->73.10->73.90,Medium
271,2023,JEE,CAP Round 2,OPEN,Pune University,All India,Engineering,Robotics and Automation,06275,"Maharashtra Institute of Technology, Pune",Private,Pune,Pune,Maharashtra,A,3.26,230,175000,720,39,91.77,98868,70,Technology,97.7,28818,96.6,42539,Increasing: 96.60->97.70->98.50,Low
272,2022,MHT CET,CAP Round 2,EWS,Pune University,All India,Engineering,Artificial Intelligence and Data Science,06277,"Bharati Vidyapeeth College of Engineering, Pune",Private,Pune,Pune,Maharashtra,A+,3.42,250,135000,720,13,97.14,7612,83,Technology,94.5,13773,93.7,16255,Increasing: 94.50->95.60->96.40,High
273,2024,MHT CET,CAP Round 3,VJNT,Pune University,All India,Engineering,Electrical Engineering,06146,"MIT Academy of Engineering, Alandi, Pune",Private,Pune,Pune,Maharashtra,A,3.23,310,175000,840,7,86.34,34253,85,Technology,86.3,34625,85.5,36569,Increasing: 84.40->85.50->86.30,Medium
274,2023,JEE,CAP Round 3,OPEN,Mumbai University,All India,Engineering,Computer Engineering,03104,"K. J. Somaiya College of Engineering, Mumbai",Private,Mumbai,Mumbai,Maharashtra,A,3.28,210,230000,720,34,95.78,51969,72,Technology,99.95,1723,99.9,2547,Stable: 99.90->99.95->99.95,Low
275,2022,MHT CET,CAP Round 2,EWS,Pune University,Other University,Engineering,Civil Engineering,06325,"Alard College of Engineering and Management, Pune",Private,Pune,Pune,Maharashtra,B+,2.66,620,90000,420,4,59.82,100830,82,Civil,67.8,80787,67.0,82579,Increasing: 67.80->68.90->69.70,Low
276,2024,MHT CET,CAP Round 3,VJNT,Pune University,All India,Engineering,Artificial Intelligence and Data Science,06280,"Sinhgad College of Engineering, Vadgaon, Pune",Private,Pune,Pune,Maharashtra,A,3.1,350,130000,900,10,84.22,39544,69,Technology,88.0,30071,87.2,32460,Increasing: 86.10->87.20->88.00,Low
277,2024,MHT CET,CAP Round 2,ST,Pune University,All India,Engineering,Chemical Engineering,06272,"Pune Institute of Computer Technology, Pune",Private,Pune,Pune,Maharashtra,A+,3.56,101,135000,660,7,88.55,29080,66,Science,88.7,28733,87.9,30413,Increasing: 86.80->87.90->88.70,Medium
278,2022,JEE,CAP Round 2,VJNT,Pune University,Home University,Engineering,Information Technology,06274,"MIT World Peace University School of Engineering, Pune",Private,Pune,Pune,Maharashtra,A+,3.45,199,270000,840,4,98.77,15163,69,Technology,92.6,90521,91.8,99147,Increasing: 92.60->93.70->94.50,High
279,2023,MHT CET,CAP Round 3,OPEN,Pune University,All India,Engineering,Electrical Engineering,06288,"Genba Sopanrao Moze College of Engineering, Pune",Private,Pune,Pune,Maharashtra,B,2.48,700,85000,360,16,72.03,70441,79,Technology,68.5,79006,67.4,81799,Increasing: 67.40->68.50->69.30,High
280,2024,JEE,CAP Round 3,OPEN,Mumbai University,Other University,Engineering,Artificial Intelligence and Data Science,03123,"Lokmanya Tilak College of Engineering, Mumbai Region",Private,Mumbai,Mumbai,Maharashtra,A,3.01,435,123000,600,29,83.72,195416,87,Technology,89.9,122548,89.1,131813,Increasing: 88.00->89.10->89.90,Low
281,2022,JEE,CAP Round 3,SC,Pune University,All India,Engineering,Civil Engineering,06291,"RMD Sinhgad School of Engineering, Pune",Private,Pune,Pune,Maharashtra,B++,2.81,590,97000,480,4,58.22,502493,62,Civil,64.5,426184,63.7,436677,Increasing: 64.50->65.60->66.40,Low
282,2022,MHT CET,CAP Round 2,EWS,Mumbai University,Home University,Engineering,Artificial Intelligence and Data Science,03148,"Shah & Anchor Kutchhi Engineering College, Chembur, Mumbai",Private,Mumbai,Mumbai,Maharashtra,A,3.08,385,150000,600,4,85.57,36400,60,Technology,87.2,32030,86.4,34346,Increasing: 87.20->88.30->89.10,Medium
283,2022,JEE,CAP Round 3,ST,Pune University,Home University,Engineering,Civil Engineering,06292,"Zeal College of Engineering and Research, Pune",Private,Pune,Pune,Maharashtra,B++,2.81,570,110000,540,4,57.32,512732,72,Civil,61.2,467035,60.4,476503,Increasing: 61.20->62.30->63.10,Low
284,2023,MHT CET,CAP Round 1,ST,Pune University,Home University,Engineering,Chemical Engineering,06292,"Zeal College of Engineering and Research, Pune",Private,Pune,Pune,Maharashtra,B++,2.78,570,95000,540,10,62.1,95337,52,Science,66.1,84860,65.0,87755,Increasing: 65.00->66.10->66.90,Low
285,2023,JEE,CAP Round 1,VJNT,Mumbai University,Other University,Engineering,Computer Engineering,03101,"Veermata Jijabai Technological Institute (VJTI), Mumbai",Govt,Mumbai,Mumbai,Maharashtra,A++,3.71,84,80000,720,4,99.95,1218,80,Technology,99.95,2140,99.95,1766,Stable: 99.95->99.95->99.95,Medium
286,2024,MHT CET,CAP Round 2,OBC,Pune University,Home University,Engineering,Electrical Engineering,06292,"Zeal College of Engineering and Research, Pune",Private,Pune,Pune,Maharashtra,B++,2.77,570,95000,540,15,72.99,67706,65,Technology,73.2,67059,72.4,69180,Increasing: 71.30->72.40->73.20,Medium
287,2023,MHT CET,CAP Round 2,EWS,Mumbai University,All India,Engineering,Information Technology,03120,"Terna Engineering College, Mumbai Region",Private,Mumbai,Mumbai,Maharashtra,B+,2.66,550,110000,480,5,87.09,32760,69,Technology,80.7,48700,79.6,51293,Increasing: 79.60->80.70->81.50,High
288,2022,JEE,CAP Round 1,EWS,Pune University,Other University,Engineering,Chemical Engineering,06175,"Pimpri Chinchwad College of Engineering, Pune",Private,Pune,Pune,Maharashtra,A++,3.6,220,155000,960,11,87.81,146678,53,Science,93.9,73750,93.1,83811,Increasing: 93.90->95.00->95.80,Low
289,2024,MHT CET,CAP Round 3,ST,Mumbai University,Other University,Engineering,Artificial Intelligence and Data Science,03117,"Watumull Institute of Electronics Engineering and Computer Technology, Worli, Mumbai",Private,Mumbai,Mumbai,Maharashtra,B+,2.7,545,128000,360,6,73.41,66610,56,Technology,72.4,69354,71.6,71342,Increasing: 70.50->71.60->72.40,Medium
290,2024,JEE,CAP Round 3,OPEN,Pune University,All India,Engineering,Mechanical Engineering,06206,"Pune District Education Association's College of Engineering, Pune",Private,Pune,Pune,Maharashtra,B++,2.8,560,95000,420,16,75.45,295892,77,Mechanical,76.6,282458,75.8,292185,Increasing: 74.70->75.80->76.60,Medium
291,2022,MHT CET,CAP Round 1,SC,Pune University,All India,Engineering,Cyber Security,06271,"COEP Technological University, Pune",Govt,Pune,Pune,Maharashtra,A++,3.78,73,40000,720,6,99.95,703,83,Technology,96.6,8619,95.8,10640,Increasing: 96.60->97.70->98.50,High
292,2022,MHT CET,CAP Round 2,OPEN,Pune University,Other University,Engineering,Artificial Intelligence and Data Science,06279,"Dr. D. Y. Patil Institute of Technology, Pimpri, Pune",Private,Pune,Pune,Maharashtra,A,3.15,260,140000,780,37,95.88,10804,74,Technology,95.2,12180,94.4,14177,Increasing: 95.20->96.30->97.10,Medium
293,2022,MHT CET,CAP Round 2,OPEN,Pune University,Home University,Engineering,Computer Engineering,06291,"RMD Sinhgad School of Engineering, Pune",Private,Pune,Pune,Maharashtra,B++,2.76,590,107000,480,28,81.27,47217,79,Technology,77.3,56895,76.5,58984,Increasing: 77.30->78.40->79.20,High
294,2024,JEE,CAP Round 2,VJNT,Mumbai University,Home University,Engineering,Electrical Engineering,03182,"Thadomal Shahani Engineering College, Bandra, Mumbai",Private,Mumbai,Mumbai,Maharashtra,A,3.28,225,195000,660,4,90.83,110506,89,Technology,91.5,102655,90.7,113303,Increasing: 89.60->90.70->91.50,Medium
295,2022,MHT CET,CAP Round 2,SC,Pune University,Other University,Engineering,Robotics and Automation,06732,"Ajeenkya DY Patil School of Engineering, Lohegaon, Pune",Private,Pune,Pune,Maharashtra,B++,2.82,540,130000,600,11,76.12,60088,70,Technology,71.0,72786,70.2,75020,Increasing: 71.00->72.10->72.90,High
296,2022,JEE,CAP Round 3,EWS,Mumbai University,Other University,Engineering,Electronics and Telecommunication Engineering,03125,"M.H. Saboo Siddik College of Engineering, Mumbai",Private,Mumbai,Mumbai,Maharashtra,A,2.99,475,127000,420,4,74.98,301855,82,Technology,81.8,218906,81.0,229052,Increasing: 81.80->82.90->83.70,Low
297,2022,JEE,CAP Round 2,OBC,Pune University,All India,Engineering,Chemical Engineering,06282,"JSPM Rajarshi Shahu College of Engineering, Tathawade, Pune",Private,Pune,Pune,Maharashtra,A,3.02,420,120000,780,19,77.87,265671,62,Science,82.3,214156,81.5,222577,Increasing: 82.30->83.40->84.20,Low
298,2024,MHT CET,CAP Round 1,EWS,Mumbai University,All India,Engineering,Electrical Engineering,03103,"Dwarkadas J. Sanghvi College of Engineering, Mumbai",Private,Mumbai,Mumbai,Maharashtra,A+,3.49,160,210000,720,11,97.41,6856,78,Technology,99.9,808,99.1,2727,Increasing: 98.00->99.10->99.90,Medium
299,2023,JEE,CAP Round 3,SC,Pune University,All India,Engineering,Artificial Intelligence and Data Science,06290,"NBN Sinhgad School of Engineering, Pune",Private,Pune,Pune,Maharashtra,B+,2.62,630,91000,420,4,72.05,335945,70,Technology,69.2,371267,68.1,383571,Increasing: 68.10->69.20->70.00,High
300,2022,MHT CET,CAP Round 2,VJNT,Pune University,All India,Engineering,Robotics and Automation,06275,"Maharashtra Institute of Technology, Pune",Private,Pune,Pune,Maharashtra,A,3.22,230,175000,720,4,88.91,28152,52,Technology,90.6,23598,89.8,26041,Increasing: 90.60->91.70->92.50,Medium
301,2023,MHT CET,CAP Round 3,EWS,Mumbai University,All India,Engineering,Electrical Engineering,03121,"Pillai College of Engineering, Mumbai Region",Private,Mumbai,Mumbai,Maharashtra,A,3.04,410,133000,660,7,86.85,33225,77,Technology,84.2,40090,83.1,42509,Increasing: 83.10->84.20->85.00,High
302,2024,JEE,CAP Round 2,OBC,Pune University,All India,Engineering,Chemical Engineering,06325,"Alard College of Engineering and Management, Pune",Private,Pune,Pune,Maharashtra,B+,2.68,620,90000,420,11,66.36,403801,71,Science,71.7,341230,70.9,350803,Increasing: 69.80->70.90->71.70,Low
303,2023,MHT CET,CAP Round 1,OPEN,Pune University,Other University,Engineering,Electronics and Telecommunication Engineering,06175,"Pimpri Chinchwad College of Engineering, Pune",Private,Pune,Pune,Maharashtra,A++,3.61,220,150000,960,42,95.13,12538,79,Technology,98.4,4535,97.3,6895,Increasing: 97.30->98.40->99.20,Low
304,2024,MHT CET,CAP Round 2,SC,Mumbai University,All India,Engineering,Cyber Security,03125,"M.H. Saboo Siddik College of Engineering, Mumbai",Private,Mumbai,Mumbai,Maharashtra,A,3.03,475,117000,420,10,80.56,48973,59,Technology,80.5,49302,79.7,51226,Increasing: 78.60->79.70->80.50,Medium
305,2022,MHT CET,CAP Round 2,SC,Mumbai University,Home University,Engineering,Cyber Security,03120,"Terna Engineering College, Mumbai Region",Private,Mumbai,Mumbai,Maharashtra,B+,2.69,550,110000,480,4,65.78,85622,85,Technology,71.8,70828,71.0,72865,Increasing: 71.80->72.90->73.70,Low
306,2023,MHT CET,CAP Round 1,OPEN,Pune University,Other University,Engineering,Robotics and Automation,06290,"NBN Sinhgad School of Engineering, Pune",Private,Pune,Pune,Maharashtra,B+,2.61,630,106000,420,18,69.6,76214,67,Technology,76.1,59887,75.0,62894,Increasing: 75.00->76.10->76.90,Low
307,2024,JEE,CAP Round 3,SC,Mumbai University,All India,Engineering,Information Technology,03139,"Vidyalankar Institute of Technology, Wadala, Mumbai",Private,Mumbai,Mumbai,Maharashtra,A+,3.34,340,155000,720,14,88.55,138637,100,Technology,87.9,146986,87.1,154861,Increasing: 86.00->87.10->87.90,Medium
308,2022,JEE,CAP Round 1,OPEN,Pune University,Other University,Engineering,Cyber Security,06271,"COEP Technological University, Pune",Govt,Pune,Pune,Maharashtra,A++,3.76,73,40000,720,29,99.95,1963,88,Technology,99.95,2100,99.95,2363,Stable: 99.95->99.95->99.95,Medium
309,2023,JEE,CAP Round 1,ST,Pune University,All India,Engineering,Mechanical Engineering,06288,"Genba Sopanrao Moze College of Engineering, Pune",Private,Pune,Pune,Maharashtra,B,2.48,700,95000,360,4,62.4,451939,63,Mechanical,61.0,468975,59.9,481833,Increasing: 59.90->61.00->61.80,Medium
310,2024,JEE,CAP Round 3,VJNT,Pune University,Home University,Engineering,Cyber Security,06732,"Ajeenkya DY Patil School of Engineering, Lohegaon, Pune",Private,Pune,Pune,Maharashtra,B++,2.82,540,130000,600,9,80.32,236237,96,Technology,75.5,295765,74.7,304349,Increasing: 73.60->74.70->75.50,High
311,2023,JEE,CAP Round 2,OPEN,Mumbai University,Other University,Engineering,Mechanical Engineering,03123,"Lokmanya Tilak College of Engineering, Mumbai Region",Private,Mumbai,Mumbai,Maharashtra,A,3.02,435,133000,600,35,83.55,197464,56,Mechanical,84.9,182832,83.8,195163,Increasing: 83.80->84.90->85.70,Medium
312,2023,MHT CET,CAP Round 1,SC,Pune University,Other University,Engineering,Chemical Engineering,06291,"RMD Sinhgad School of Engineering, Pune",Private,Pune,Pune,Maharashtra,B++,2.78,590,107000,480,7,62.29,94514,64,Science,68.8,78419,67.7,81050,Increasing: 67.70->68.80->69.60,Low
313,2023,JEE,CAP Round 3,ST,Pune University,Other University,Engineering,Chemical Engineering,06325,"Alard College of Engineering and Management, Pune",Private,Pune,Pune,Maharashtra,B+,2.67,620,90000,420,5,65.33,416766,67,Science,62.1,456531,61.0,468844,Increasing: 61.00->62.10->62.90,High
314,2024,JEE,CAP Round 3,VJNT,Pune University,Other University,Engineering,Mechanical Engineering,06271,"COEP Technological University, Pune",Govt,Pune,Pune,Maharashtra,A++,3.77,73,55000,720,6,87.49,150328,55,Mechanical,93.5,78200,92.7,88529,Increasing: 91.60->92.70->93.50,Low
315,2023,MHT CET,CAP Round 3,OBC,Pune University,Other University,Engineering,Mechanical Engineering,06175,"Pimpri Chinchwad College of Engineering, Pune",Private,Pune,Pune,Maharashtra,A++,3.58,220,145000,960,31,87.32,31932,67,Mechanical,89.2,27208,88.1,29981,Increasing: 88.10->89.20->90.00,Medium
316,2024,JEE,CAP Round 2,ST,Pune University,All India,Engineering,Robotics and Automation,06275,"Maharashtra Institute of Technology, Pune",Private,Pune,Pune,Maharashtra,A,3.27,230,190000,720,8,80.54,233962,81,Technology,88.5,138830,87.7,148522,Increasing: 86.60->87.70->88.50,Low
317,2024,JEE,CAP Round 3,SC,Pune University,Home University,Engineering,Electrical Engineering,06290,"NBN Sinhgad School of Engineering, Pune",Private,Pune,Pune,Maharashtra,B+,2.66,630,106000,420,11,70.41,355394,59,Technology,64.5,427658,63.7,436932,Increasing: 62.60->63.70->64.50,High
318,2024,JEE,CAP Round 1,SC,Mumbai University,All India,Engineering,Artificial Intelligence and Data Science,03139,"Vidyalankar Institute of Technology, Wadala, Mumbai",Private,Mumbai,Mumbai,Maharashtra,A+,3.3,340,160000,720,14,90.58,113210,77,Technology,91.5,102127,90.7,113018,Increasing: 89.60->90.70->91.50,Medium
319,2024,JEE,CAP Round 2,VJNT,Pune University,Other University,Engineering,Robotics and Automation,06325,"Alard College of Engineering and Management, Pune",Private,Pune,Pune,Maharashtra,B+,2.64,620,105000,420,4,69.69,365341,88,Technology,71.9,338266,71.1,348141,Increasing: 70.00->71.10->71.90,Medium
320,2024,JEE,CAP Round 3,ST,Pune University,Home University,Engineering,Mechanical Engineering,06290,"NBN Sinhgad School of Engineering, Pune",Private,Pune,Pune,Maharashtra,B+,2.61,630,106000,420,9,54.24,549918,81,Mechanical,60.3,477944,59.5,487744,Increasing: 58.40->59.50->60.30,Low
321,2022,JEE,CAP Round 2,OPEN,Mumbai University,All India,Engineering,Artificial Intelligence and Data Science,03183,"Anjuman-I-Islam's M.H. Saboo Siddik College of Engineering, Byculla, Mumbai",Private,Mumbai,Mumbai,Maharashtra,A,3.04,450,120000,540,25,89.98,120981,85,Technology,89.3,129173,88.5,139501,Increasing: 89.30->90.40->91.20,Medium
322,2022,MHT CET,CAP Round 2,EWS,Pune University,Home University,Engineering,Chemical Engineering,06273,"Vishwakarma Institute of Technology, Bibwewadi, Pune",Private,Pune,Pune,Maharashtra,A++,3.64,151,200000,900,7,96.24,9660,72,Science,92.5,18863,91.7,21128,Increasing: 92.50->93.60->94.40,High
323,2024,MHT CET,CAP Round 1,OPEN,Pune University,All India,Engineering,Computer Engineering,06146,"MIT Academy of Engineering, Alandi, Pune",Private,Pune,Pune,Maharashtra,A,3.22,310,175000,840,38,90.31,24611,93,Technology,98.5,4095,97.7,6162,Increasing: 96.60->97.70->98.50,Low
324,2022,JEE,CAP Round 3,SC,Pune University,All India,Engineering,Cyber Security,06285,"Dhole Patil College of Engineering, Pune",Private,Pune,Pune,Maharashtra,B+,2.68,600,103000,480,4,64.15,431884,70,Technology,69.9,362038,69.1,370881,Increasing: 69.90->71.00->71.80,Low
325,2023,MHT CET,CAP Round 1,EWS,Mumbai University,Home University,Engineering,Computer Engineering,03110,"Atharva College of Engineering, Malad, Mumbai",Private,Mumbai,Mumbai,Maharashtra,B++,2.87,490,142000,600,8,81.98,45542,78,Technology,85.6,36040,84.5,39279,Increasing: 84.50->85.60->86.40,Low
326,2023,JEE,CAP Round 2,VJNT,Pune University,All India,Engineering,Computer Engineering,06206,"Pune District Education Association's College of Engineering, Pune",Private,Pune,Pune,Maharashtra,B++,2.82,560,85000,420,6,74.09,311671,66,Technology,77.7,267939,76.6,281589,Increasing: 76.60->77.70->78.50,Low
327,2024,MHT CET,CAP Round 2,VJNT,Mumbai University,Other University,Engineering,Cyber Security,03122,"Datta Meghe College of Engineering, Mumbai Region",Private,Mumbai,Mumbai,Maharashtra,A,3.09,400,131000,600,7,82.31,44808,60,Technology,85.9,35283,85.1,37557,Increasing: 84.00->85.10->85.90,Low
328,2023,MHT CET,CAP Round 2,OBC,Mumbai University,All India,Engineering,Mechanical Engineering,03101,"Veermata Jijabai Technological Institute (VJTI), Mumbai",Govt,Mumbai,Mumbai,Maharashtra,A++,3.71,84,90000,720,20,89.43,26614,69,Mechanical,95.8,11027,94.7,13672,Increasing: 94.70->95.80->96.60,Low
329,2024,MHT CET,CAP Round 2,SC,Mumbai University,All India,Engineering,Computer Engineering,03139,"Vidyalankar Institute of Technology, Wadala, Mumbai",Private,Mumbai,Mumbai,Maharashtra,A+,3.32,340,150000,720,8,80.52,48882,77,Technology,88.8,28505,88.0,30512,Increasing: 86.90->88.00->88.80,Low
330,2024,MHT CET,CAP Round 2,SC,Pune University,Home University,Engineering,Cyber Security,06277,"Bharati Vidyapeeth College of Engineering, Pune",Private,Pune,Pune,Maharashtra,A+,3.42,250,145000,720,11,81.65,46148,79,Technology,88.2,29950,87.4,31995,Increasing: 86.30->87.40->88.20,Low
331,2023,JEE,CAP Round 3,EWS,Mumbai University,Other University,Engineering,Civil Engineering,03118,"SIES Graduate School of Technology, Mumbai Region",Private,Mumbai,Mumbai,Maharashtra,A,3.12,375,152000,600,7,80.53,234604,54,Civil,83.2,201856,82.1,214973,Increasing: 82.10->83.20->84.00,Medium
332,2024,JEE,CAP Round 1,ST,Pune University,Home University,Engineering,Civil Engineering,06276,"Army Institute of Technology, Pune",Private,Pune,Pune,Maharashtra,A,3.3,180,195000,480,4,90.87,110007,79,Civil,86.3,164452,85.5,174153,Increasing: 84.40->85.50->86.30,High
333,2024,MHT CET,CAP Round 3,OBC,Pune University,All India,Engineering,Robotics and Automation,06276,"Army Institute of Technology, Pune",Private,Pune,Pune,Maharashtra,A,3.28,180,190000,480,12,87.99,30161,96,Technology,95.3,12269,94.5,14139,Increasing: 93.40->94.50->95.30,Low
334,2023,JEE,CAP Round 3,OBC,Pune University,Home University,Engineering,Electronics and Telecommunication Engineering,06289,"TSSM's Bhivarabai Sawant College of Engineering and Research, Pune",Private,Pune,Pune,Maharashtra,B+,2.65,610,93000,480,18,74.53,306515,85,Technology,71.0,348130,69.9,361353,Increasing: 69.90->71.00->71.80,High
335,2023,MHT CET,CAP Round 2,OPEN,Pune University,Other University,Engineering,Cyber Security,06283,"Indira College of Engineering and Management, Pune",Private,Pune,Pune,Maharashtra,B++,2.9,520,100000,540,25,87.45,31521,64,Technology,82.6,43702,81.5,46276,Increasing: 81.50->82.60->83.40,High
336,2023,MHT CET,CAP Round 2,OBC,Mumbai University,Home University,Engineering,Artificial Intelligence and Data Science,03102,"Sardar Patel Institute of Technology, Mumbai",Private,Mumbai,Mumbai,Maharashtra,A+,3.59,125,185000,600,19,93.03,17562,79,Technology,98.4,4525,97.3,7009,Increasing: 97.30->98.40->99.20,Low
337,2022,JEE,CAP Round 2,SC,Mumbai University,All India,Engineering,Chemical Engineering,03118,"SIES Graduate School of Technology, Mumbai Region",Private,Mumbai,Mumbai,Maharashtra,A,3.1,375,152000,600,4,76.55,282406,84,Science,79.8,242980,79.0,252266,Increasing: 79.80->80.90->81.70,Low
338,2022,JEE,CAP Round 2,OBC,Pune University,Other University,Engineering,Artificial Intelligence and Data Science,06277,"Bharati Vidyapeeth College of Engineering, Pune",Private,Pune,Pune,Maharashtra,A+,3.39,250,150000,720,20,99.06,12406,81,Technology,93.7,77129,92.9,86816,Increasing: 93.70->94.80->95.60,High
339,2023,MHT CET,CAP Round 1,OBC,Pune University,Home University,Engineering,Information Technology,06277,"Bharati Vidyapeeth College of Engineering, Pune",Private,Pune,Pune,Maharashtra,A+,3.41,250,140000,720,21,94.28,14437,64,Technology,94.2,15025,93.1,17331,Increasing: 93.10->94.20->95.00,Medium
340,2024,JEE,CAP Round 1,SC,Mumbai University,Other University,Engineering,Computer Engineering,03119,"MGM College of Engineering and Technology, Mumbai Region",Private,Mumbai,Mumbai,Maharashtra,B+,2.74,525,120000,480,5,75.6,294265,84,Technology,80.4,236648,79.6,245801,Increasing: 78.50->79.60->80.40,Low
341,2022,MHT CET,CAP Round 1,VJNT,Pune University,Home University,Engineering,Electronics and Telecommunication Engineering,06291,"RMD Sinhgad School of Engineering, Pune",Private,Pune,Pune,Maharashtra,B++,2.77,590,107000,480,4,69.57,76134,81,Technology,71.6,71184,70.8,73435,Increasing: 71.60->72.70->73.50,Medium
342,2024,MHT CET,CAP Round 1,SC,Pune University,Other University,Engineering,Electronics and Telecommunication Engineering,06732,"Ajeenkya DY Patil School of Engineering, Lohegaon, Pune",Private,Pune,Pune,Maharashtra,B++,2.87,540,130000,600,7,77.4,56864,65,Technology,74.7,63464,73.9,65420,Increasing: 72.80->73.90->74.70,High
343,2022,JEE,CAP Round 1,ST,Pune University,Home University,Engineering,Mechanical Engineering,06272,"Pune Institute of Computer Technology, Pune",Private,Pune,Pune,Maharashtra,A+,3.55,101,125000,660,8,82.24,214267,46,Mechanical,87.6,149834,86.8,158527,Increasing: 87.60->88.70->89.50,Low
344,2023,MHT CET,CAP Round 1,VJNT,Pune University,Other University,Engineering,Cyber Security,06285,"Dhole Patil College of Engineering, Pune",Private,Pune,Pune,Maharashtra,B+,2.71,600,93000,480,4,76.01,60390,85,Technology,75.1,62797,74.0,65383,Increasing: 74.00->75.10->75.90,Medium
345,2023,MHT CET,CAP Round 1,OPEN,Pune University,Home University,Engineering,Information Technology,06291,"RMD Sinhgad School of Engineering, Pune",Private,Pune,Pune,Maharashtra,B++,2.77,590,112000,480,27,82.19,44969,83,Technology,79.7,50967,78.6,53617,Increasing: 78.60->79.70->80.50,Medium
346,2024,MHT CET,CAP Round 2,SC,Mumbai University,All India,Engineering,Civil Engineering,03122,"Datta Meghe College of Engineering, Mumbai Region",Private,Mumbai,Mumbai,Maharashtra,A,3.08,400,146000,600,4,79.13,52404,88,Civil,78.1,54826,77.3,56978,Increasing: 76.20->77.30->78.10,Medium
347,2024,JEE,CAP Round 1,OPEN,Mumbai University,Home University,Engineering,Information Technology,03123,"Lokmanya Tilak College of Engineering, Mumbai Region",Private,Mumbai,Mumbai,Maharashtra,A,3.05,435,123000,600,31,97.8,26787,69,Technology,91.5,103739,90.7,112932,Increasing: 89.60->90.70->91.50,High
348,2022,JEE,CAP Round 3,OBC,Mumbai University,All India,Engineering,Electronics and Telecommunication Engineering,03103,"Dwarkadas J. Sanghvi College of Engineering, Mumbai",Private,Mumbai,Mumbai,Maharashtra,A+,3.54,160,220000,720,26,96.47,42831,94,Technology,95.9,49520,95.1,60479,Increasing: 95.90->97.00->97.80,Medium
349,2022,MHT CET,CAP Round 1,EWS,Mumbai University,All India,Engineering,Mechanical Engineering,03111,"Rizvi College of Engineering, Bandra, Mumbai",Private,Mumbai,Mumbai,Maharashtra,B++,2.86,505,125000,480,11,73.03,67941,77,Mechanical,79.6,51514,78.8,53212,Increasing: 79.60->80.70->81.50,Low
350,2023,MHT CET,CAP Round 1,OBC,Mumbai University,All India,Engineering,Chemical Engineering,03116,"St. Francis Institute of Technology, Borivali, Mumbai",Private,Mumbai,Mumbai,Maharashtra,A,3.16,360,155000,660,18,90.94,22852,74,Science,87.9,30391,86.8,33100,Increasing: 86.80->87.90->88.70,High
351,2023,JEE,CAP Round 1,SC,Mumbai University,Home University,Engineering,Cyber Security,03122,"Datta Meghe College of Engineering, Mumbai Region",Private,Mumbai,Mumbai,Maharashtra,A,3.07,400,136000,600,4,90.49,114200,64,Technology,84.4,188409,83.3,200914,Increasing: 83.30->84.40->85.20,High
352,2023,JEE,CAP Round 3,OBC,Mumbai University,Other University,Engineering,Civil Engineering,03114,"Don Bosco Institute of Technology, Kurla, Mumbai",Private,Mumbai,Mumbai,Maharashtra,B++,2.89,500,128000,480,16,76.47,284083,62,Civil,76.0,289575,74.9,302315,Increasing: 74.90->76.00->76.80,Medium
353,2024,JEE,CAP Round 1,OPEN,Pune University,Other University,Engineering,Cyber Security,06206,"Pune District Education Association's College of Engineering, Pune",Private,Pune,Pune,Maharashtra,B++,2.82,560,100000,420,16,82.03,215714,90,Technology,83.9,193616,83.1,204405,Increasing: 82.00->83.10->83.90,Medium
354,2022,MHT CET,CAP Round 2,OBC,Mumbai University,Other University,Engineering,Artificial Intelligence and Data Science,03118,"SIES Graduate School of Technology, Mumbai Region",Private,Mumbai,Mumbai,Maharashtra,A,3.07,375,147000,600,22,79.38,52148,79,Technology,87.7,30836,86.9,33045,Increasing: 87.70->88.80->89.60,Low
355,2022,MHT CET,CAP Round 1,OPEN,Pune University,Home University,Engineering,Information Technology,06146,"MIT Academy of Engineering, Alandi, Pune",Private,Pune,Pune,Maharashtra,A,3.21,310,175000,840,45,97.17,7561,69,Technology,94.1,14915,93.3,17142,Increasing: 94.10->95.20->96.00,High
356,2024,JEE,CAP Round 1,EWS,Pune University,All India,Engineering,Chemical Engineering,06280,"Sinhgad College of Engineering, Vadgaon, Pune",Private,Pune,Pune,Maharashtra,A,3.1,350,135000,900,17,87.77,148257,65,Science,90.4,115837,89.6,125689,Increasing: 88.50->89.60->90.40,Medium
357,2024,JEE,CAP Round 2,EWS,Pune University,All India,Engineering,Chemical Engineering,06279,"Dr. D. Y. Patil Institute of Technology, Pimpri, Pune",Private,Pune,Pune,Maharashtra,A,3.17,260,145000,780,14,84.91,182870,85,Science,91.9,97740,91.1,108321,Increasing: 90.00->91.10->91.90,Low
358,2024,JEE,CAP Round 1,EWS,Mumbai University,Home University,Engineering,Chemical Engineering,03139,"Vidyalankar Institute of Technology, Wadala, Mumbai",Private,Mumbai,Mumbai,Maharashtra,A+,3.31,340,150000,720,9,94.62,65624,68,Science,90.4,116906,89.6,125742,Increasing: 88.50->89.60->90.40,High
359,2024,MHT CET,CAP Round 1,OBC,Pune University,All India,Engineering,Mechanical Engineering,06175,"Pimpri Chinchwad College of Engineering, Pune",Private,Pune,Pune,Maharashtra,A++,3.63,220,155000,960,23,88.29,29854,65,Mechanical,93.8,15760,93.0,17523,Increasing: 91.90->93.00->93.80,Low
360,2024,MHT CET,CAP Round 3,OPEN,Mumbai University,All India,Engineering,Chemical Engineering,03182,"Thadomal Shahani Engineering College, Bandra, Mumbai",Private,Mumbai,Mumbai,Maharashtra,A,3.27,225,180000,660,33,89.91,25674,96,Science,94.8,13142,94.0,15133,Increasing: 92.90->94.00->94.80,Low
361,2023,MHT CET,CAP Round 2,SC,Pune University,Home University,Engineering,Robotics and Automation,06139,"Progressive Education Society's Modern College of Engineering, Pune",Private,Pune,Pune,Maharashtra,A,3.05,390,118000,660,12,79.4,51801,83,Technology,79.9,50414,78.8,53109,Increasing: 78.80->79.90->80.70,Medium
362,2022,JEE,CAP Round 1,SC,Mumbai University,Other University,Engineering,Electrical Engineering,03182,"Thadomal Shahani Engineering College, Bandra, Mumbai",Private,Mumbai,Mumbai,Maharashtra,A,3.26,225,185000,660,4,95.71,52322,92,Technology,90.3,116977,89.5,127653,Increasing: 90.30->91.40->92.20,High
363,2022,JEE,CAP Round 2,ST,Mumbai University,Home University,Engineering,Electrical Engineering,03116,"St. Francis Institute of Technology, Borivali, Mumbai",Private,Mumbai,Mumbai,Maharashtra,A,3.17,360,150000,660,4,74.33,309771,73,Technology,78.3,261209,77.5,270501,Increasing: 78.30->79.40->80.20,Low
364,2023,JEE,CAP Round 3,VJNT,Pune University,Other University,Engineering,Information Technology,06288,"Genba Sopanrao Moze College of Engineering, Pune",Private,Pune,Pune,Maharashtra,B,2.44,700,80000,360,9,59.52,486319,82,Technology,67.2,394808,66.1,407299,Increasing: 66.10->67.20->68.00,Low
365,2024,JEE,CAP Round 2,OPEN,Mumbai University,Home University,Engineering,Robotics and Automation,03124,"Saraswati College of Engineering, Mumbai Region",Private,Mumbai,Mumbai,Maharashtra,B+,2.63,580,112000,420,16,72.73,328633,65,Technology,79.2,249997,78.4,260430,Increasing: 77.30->78.40->79.20,Low
366,2024,JEE,CAP Round 1,OPEN,Pune University,Other University,Engineering,Mechanical Engineering,06288,"Genba Sopanrao Moze College of Engineering, Pune",Private,Pune,Pune,Maharashtra,B,2.45,700,95000,360,22,72.44,331328,70,Mechanical,71.2,346535,70.4,355305,Increasing: 69.30->70.40->71.20,Medium
367,2023,MHT CET,CAP Round 2,VJNT,Mumbai University,Home University,Engineering,Cyber Security,03139,"Vidyalankar Institute of Technology, Wadala, Mumbai",Private,Mumbai,Mumbai,Maharashtra,A+,3.34,340,145000,720,4,92.39,19416,62,Technology,87.7,31036,86.6,33798,Increasing: 86.60->87.70->88.50,High
368,2022,MHT CET,CAP Round 3,OBC,Pune University,All India,Engineering,Cyber Security,06282,"JSPM Rajarshi Shahu College of Engineering, Tathawade, Pune",Private,Pune,Pune,Maharashtra,A,2.99,420,120000,780,22,82.85,43075,92,Technology,84.4,39042,83.6,41590,Increasing: 84.40->85.50->86.30,Medium
369,2024,JEE,CAP Round 2,VJNT,Pune University,Other University,Engineering,Electronics and Telecommunication Engineering,06272,"Pune Institute of Computer Technology, Pune",Private,Pune,Pune,Maharashtra,A+,3.56,101,130000,660,4,98.68,17294,80,Technology,96.7,41097,95.9,49924,Increasing: 94.80->95.90->96.70,Medium
370,2023,JEE,CAP Round 1,ST,Pune University,All India,Engineering,Robotics and Automation,06271,"COEP Technological University, Pune",Govt,Pune,Pune,Maharashtra,A++,3.72,73,50000,720,11,93.76,76579,66,Technology,94.7,63943,93.6,77887,Increasing: 93.60->94.70->95.50,Medium
371,2023,MHT CET,CAP Round 1,SC,Pune University,Home University,Engineering,Robotics and Automation,06278,"All India Shri Shivaji Memorial Society's College of Engineering, Pune",Private,Pune,Pune,Maharashtra,A+,3.32,320,127000,720,5,87.82,30894,73,Technology,85.4,36711,84.3,39523,Increasing: 84.30->85.40->86.20,Medium
372,2024,MHT CET,CAP Round 3,EWS,Mumbai University,Other University,Engineering,Cyber Security,03103,"Dwarkadas J. Sanghvi College of Engineering, Mumbai",Private,Mumbai,Mumbai,Maharashtra,A+,3.52,160,215000,720,15,92.61,18870,81,Technology,99.1,2479,98.3,4811,Increasing: 97.20->98.30->99.10,Low
373,2023,MHT CET,CAP Round 2,ST,Pune University,Home University,Engineering,Electronics and Telecommunication Engineering,06292,"Zeal College of Engineering and Research, Pune",Private,Pune,Pune,Maharashtra,B++,2.78,570,95000,540,8,72.29,69819,95,Technology,66.7,83306,65.6,86434,Increasing: 65.60->66.70->67.50,High
374,2022,MHT CET,CAP Round 2,SC,Pune University,All India,Engineering,Electronics and Telecommunication Engineering,06271,"COEP Technological University, Pune",Govt,Pune,Pune,Maharashtra,A++,3.74,73,50000,720,11,85.19,37167,83,Technology,92.9,17833,92.1,19893,Increasing: 92.90->94.00->94.80,Low
375,2022,MHT CET,CAP Round 1,OPEN,Pune University,Other University,Engineering,Information Technology,06285,"Dhole Patil College of Engineering, Pune",Private,Pune,Pune,Maharashtra,B+,2.7,600,103000,480,26,76.99,58010,86,Technology,79.3,52164,78.5,53899,Increasing: 79.30->80.40->81.20,Medium
376,2022,JEE,CAP Round 1,EWS,Mumbai University,All India,Engineering,Mechanical Engineering,03101,"Veermata Jijabai Technological Institute (VJTI), Mumbai",Govt,Mumbai,Mumbai,Maharashtra,A++,3.77,84,85000,720,13,99.86,3236,70,Mechanical,98.9,14211,98.1,23633,Increasing: 98.90->99.95->99.95,Medium
377,2023,MHT CET,CAP Round 1,OPEN,Pune University,Other University,Engineering,Information Technology,06292,"Zeal College of Engineering and Research, Pune",Private,Pune,Pune,Maharashtra,B++,2.8,570,110000,540,22,81.69,46140,77,Technology,81.9,45720,80.8,48138,Increasing: 80.80->81.90->82.70,Medium
378,2022,JEE,CAP Round 3,SC,Pune University,All India,Engineering,Mechanical Engineering,06282,"JSPM Rajarshi Shahu College of Engineering, Tathawade, Pune",Private,Pune,Pune,Maharashtra,A,3.02,420,120000,780,8,78.73,256133,73,Mechanical,76.2,285827,75.4,296879,Increasing: 76.20->77.30->78.10,High
379,2024,MHT CET,CAP Round 1,ST,Pune University,Other University,Engineering,Computer Engineering,06273,"Vishwakarma Institute of Technology, Bibwewadi, Pune",Private,Pune,Pune,Maharashtra,A++,3.6,151,195000,900,8,87.48,31811,91,Technology,94.7,13361,93.9,15547,Increasing: 92.80->93.90->94.70,Low
380,2023,MHT CET,CAP Round 2,EWS,Mumbai University,Other University,Engineering,Artificial Intelligence and Data Science,03118,"SIES Graduate School of Technology, Mumbai Region",Private,Mumbai,Mumbai,Maharashtra,A,3.07,375,147000,600,13,96.11,10134,87,Technology,90.0,25203,88.9,27949,Increasing: 88.90->90.00->90.80,High
381,2023,JEE,CAP Round 3,ST,Pune University,Other University,Engineering,Artificial Intelligence and Data Science,06288,"Genba Sopanrao Moze College of Engineering, Pune",Private,Pune,Pune,Maharashtra,B,2.43,700,80000,360,8,55.83,531283,57,Technology,62.6,449684,61.5,463645,Increasing: 61.50->62.60->63.40,Low
382,2023,JEE,CAP Round 1,OBC,Pune University,Home University,Engineering,Cyber Security,06272,"Pune Institute of Computer Technology, Pune",Private,Pune,Pune,Maharashtra,A+,3.54,101,120000,660,18,93.88,74358,82,Technology,99.95,1864,99.3,10190,Stable: 99.30->99.95->99.95,Low
383,2023,MHT CET,CAP Round 1,ST,Pune University,All India,Engineering,Chemical Engineering,06275,"Maharashtra Institute of Technology, Pune",Private,Pune,Pune,Maharashtra,A,3.25,230,175000,720,6,79.93,50747,49,Science,85.9,35661,84.8,38115,Increasing: 84.80->85.90->86.70,Low
384,2022,MHT CET,CAP Round 3,OPEN,Mumbai University,Other University,Engineering,Electrical Engineering,03148,"Shah & Anchor Kutchhi Engineering College, Chembur, Mumbai",Private,Mumbai,Mumbai,Maharashtra,A,3.06,385,135000,600,32,77.06,57535,71,Technology,85.3,37236,84.5,38830,Increasing: 85.30->86.40->87.20,Low
385,2023,MHT CET,CAP Round 3,OBC,Pune University,All India,Engineering,Mechanical Engineering,06732,"Ajeenkya DY Patil School of Engineering, Lohegaon, Pune",Private,Pune,Pune,Maharashtra,B++,2.86,540,120000,600,21,75.67,61160,79,Mechanical,72.8,68490,71.7,71239,Increasing: 71.70->72.80->73.60,High
386,2023,MHT CET,CAP Round 3,OBC,Pune University,All India,Engineering,Information Technology,06278,"All India Shri Shivaji Memorial Society's College of Engineering, Pune",Private,Pune,Pune,Maharashtra,A+,3.33,320,132000,720,24,94.87,13370,74,Technology,90.3,24700,89.2,27571,Increasing: 89.20->90.30->91.10,High
387,2022,MHT CET,CAP Round 3,VJNT,Pune University,All India,Engineering,Electrical Engineering,06282,"JSPM Rajarshi Shahu College of Engineering, Tathawade, Pune",Private,Pune,Pune,Maharashtra,A,3.01,420,125000,780,4,84.5,38893,96,Technology,79.4,51663,78.6,54030,Increasing: 79.40->80.50->81.30,High
388,2024,MHT CET,CAP Round 3,ST,Mumbai University,Home University,Engineering,Information Technology,03119,"MGM College of Engineering and Technology, Mumbai Region",Private,Mumbai,Mumbai,Maharashtra,B+,2.74,525,115000,480,4,65.3,87342,74,Technology,71.8,70713,71.0,72839,Increasing: 69.90->71.00->71.80,Low
389,2024,JEE,CAP Round 1,EWS,Mumbai University,Home University,Engineering,Computer Engineering,03103,"Dwarkadas J. Sanghvi College of Engineering, Mumbai",Private,Mumbai,Mumbai,Maharashtra,A+,3.54,160,210000,720,6,93.09,84478,63,Technology,99.95,867,99.95,1856,Stable: 99.95->99.95->99.95,Low
390,2023,JEE,CAP Round 2,SC,Mumbai University,Other University,Engineering,Information Technology,03103,"Dwarkadas J. Sanghvi College of Engineering, Mumbai",Private,Mumbai,Mumbai,Maharashtra,A+,3.49,160,210000,720,7,96.06,47955,79,Technology,95.1,59971,94.0,72167,Increasing: 94.00->95.10->95.90,Medium
391,2022,JEE,CAP Round 3,ST,Pune University,All India,Engineering,Electronics and Telecommunication Engineering,06276,"Army Institute of Technology, Pune",Private,Pune,Pune,Maharashtra,A,3.32,180,185000,480,4,84.56,185607,93,Technology,87.2,153909,86.4,164281,Increasing: 87.20->88.30->89.10,Medium
392,2022,MHT CET,CAP Round 1,EWS,Mumbai University,Other University,Engineering,Information Technology,03101,"Veermata Jijabai Technological Institute (VJTI), Mumbai",Govt,Mumbai,Mumbai,Maharashtra,A++,3.77,84,95000,720,9,99.95,601,85,Technology,99.95,487,99.95,266,Stable: 99.95->99.95->99.95,Medium
393,2023,JEE,CAP Round 3,OBC,Mumbai University,Home University,Engineering,Civil Engineering,03112,"Xavier Institute of Engineering, Mahim, Mumbai",Private,Mumbai,Mumbai,Maharashtra,A,3.0,460,140000,420,12,80.34,237279,75,Civil,77.3,272840,76.2,287226,Increasing: 76.20->77.30->78.10,High
394,2023,MHT CET,CAP Round 1,VJNT,Mumbai University,Home University,Engineering,Mechanical Engineering,03118,"SIES Graduate School of Technology, Mumbai Region",Private,Mumbai,Mumbai,Maharashtra,A,3.1,375,142000,600,4,86.37,34604,70,Mechanical,82.2,44979,81.1,47362,Increasing: 81.10->82.20->83.00,High
395,2024,MHT CET,CAP Round 2,VJNT,Pune University,Other University,Engineering,Civil Engineering,06279,"Dr. D. Y. Patil Institute of Technology, Pimpri, Pune",Private,Pune,Pune,Maharashtra,A,3.18,260,135000,780,10,81.25,47170,74,Civil,85.5,36636,84.7,38374,Increasing: 83.60->84.70->85.50,Low
396,2024,JEE,CAP Round 2,SC,Pune University,All India,Engineering,Mechanical Engineering,06292,"Zeal College of Engineering and Research, Pune",Private,Pune,Pune,Maharashtra,B++,2.81,570,95000,540,10,69.26,370162,69,Mechanical,69.8,363297,69.0,372379,Increasing: 67.90->69.00->69.80,Medium
397,2023,JEE,CAP Round 2,VJNT,Pune University,All India,Engineering,Information Technology,06274,"MIT World Peace University School of Engineering, Pune",Private,Pune,Pune,Maharashtra,A+,3.45,199,280000,840,6,94.41,67227,96,Technology,95.5,54275,94.4,68025,Increasing: 94.40->95.50->96.30,Medium
398,2022,MHT CET,CAP Round 2,SC,Pune University,Home University,Engineering,Electrical Engineering,06275,"Maharashtra Institute of Technology, Pune",Private,Pune,Pune,Maharashtra,A,3.24,230,175000,720,8,79.44,51998,75,Technology,84.8,38093,84.0,40374,Increasing: 84.80->85.90->86.70,Low
399,2022,MHT CET,CAP Round 2,VJNT,Pune University,Other University,Engineering,Artificial Intelligence and Data Science,06276,"Army Institute of Technology, Pune",Private,Pune,Pune,Maharashtra,A,3.29,180,190000,480,7,86.7,33606,58,Technology,94.2,14988,93.4,16580,Increasing: 94.20->95.30->96.10,Low
400,2022,JEE,CAP Round 2,OBC,Mumbai University,All India,Engineering,Artificial Intelligence and Data Science,03123,"Lokmanya Tilak College of Engineering, Mumbai Region",Private,Mumbai,Mumbai,Maharashtra,A,3.04,435,128000,600,14,79.56,246195,86,Technology,86.8,159182,86.0,169476,Increasing: 86.80->87.90->88.70,Low
401,2023,JEE,CAP Round 1,OBC,Pune University,Other University,Engineering,Cyber Security,06271,"COEP Technological University, Pune",Govt,Pune,Pune,Maharashtra,A++,3.75,73,50000,720,16,99.95,657,88,Technology,99.95,1679,99.95,1918,Stable: 99.95->99.95->99.95,Medium
402,2022,JEE,CAP Round 2,OPEN,Pune University,All India,Engineering,Mechanical Engineering,06275,"Maharashtra Institute of Technology, Pune",Private,Pune,Pune,Maharashtra,A,3.27,230,190000,720,34,85.1,179283,72,Mechanical,93.4,79708,92.6,89378,Increasing: 93.40->94.50->95.30,Low
403,2024,MHT CET,CAP Round 1,ST,Pune University,Home University,Engineering,Chemical Engineering,06175,"Pimpri Chinchwad College of Engineering, Pune",Private,Pune,Pune,Maharashtra,A++,3.61,220,140000,960,7,77.18,57521,60,Science,85.4,37028,84.6,38844,Increasing: 83.50->84.60->85.40,Low
404,2024,MHT CET,CAP Round 3,VJNT,Pune University,Other University,Engineering,Electrical Engineering,06291,"RMD Sinhgad School of Engineering, Pune",Private,Pune,Pune,Maharashtra,B++,2.78,590,107000,480,4,72.74,68675,72,Technology,70.2,74751,69.4,76818,Increasing: 68.30->69.40->70.20,High
405,2023,MHT CET,CAP Round 2,EWS,Pune University,All India,Engineering,Mechanical Engineering,06288,"Genba Sopanrao Moze College of Engineering, Pune",Private,Pune,Pune,Maharashtra,B,2.47,700,90000,360,5,70.02,75193,64,Mechanical,66.2,84659,65.1,87525,Increasing: 65.10->66.20->67.00,High
406,2023,MHT CET,CAP Round 3,ST,Mumbai University,Home University,Engineering,Cyber Security,03114,"Don Bosco Institute of Technology, Kurla, Mumbai",Private,Mumbai,Mumbai,Maharashtra,B++,2.88,500,123000,480,4,66.03,85272,73,Technology,72.7,68529,71.6,71236,Increasing: 71.60->72.70->73.50,Low
407,2023,JEE,CAP Round 3,VJNT,Mumbai University,Other University,Engineering,Electrical Engineering,03121,"Pillai College of Engineering, Mumbai Region",Private,Mumbai,Mumbai,Maharashtra,A,3.05,410,138000,660,4,79.41,247574,89,Technology,81.4,223538,80.3,237893,Increasing: 80.30->81.40->82.20,Medium
408,2022,JEE,CAP Round 1,ST,Mumbai University,Home University,Engineering,Cyber Security,03103,"Dwarkadas J. Sanghvi College of Engineering, Mumbai",Private,Mumbai,Mumbai,Maharashtra,A+,3.49,160,210000,720,9,86.13,167399,80,Technology,92.0,97741,91.2,106175,Increasing: 92.00->93.10->93.90,Low
409,2022,MHT CET,CAP Round 2,OBC,Mumbai University,Other University,Engineering,Computer Engineering,03124,"Saraswati College of Engineering, Mumbai Region",Private,Mumbai,Mumbai,Maharashtra,B+,2.64,580,107000,420,18,73.99,65389,64,Technology,77.0,57851,76.2,59628,Increasing: 77.00->78.10->78.90,Low
410,2024,JEE,CAP Round 3,EWS,Mumbai University,Other University,Engineering,Artificial Intelligence and Data Science,03120,"Terna Engineering College, Mumbai Region",Private,Mumbai,Mumbai,Maharashtra,B+,2.65,550,125000,480,4,77.82,267849,58,Technology,81.1,227505,80.3,237193,Increasing: 79.20->80.30->81.10,Low
411,2024,JEE,CAP Round 1,OPEN,Mumbai University,All India,Engineering,Electrical Engineering,03116,"St. Francis Institute of Technology, Borivali, Mumbai",Private,Mumbai,Mumbai,Maharashtra,A,3.16,360,145000,660,29,93.64,77931,88,Technology,94.0,73345,93.2,82021,Increasing: 92.10->93.20->94.00,Medium
412,2022,JEE,CAP Round 1,SC,Pune University,All India,Engineering,Electrical Engineering,06292,"Zeal College of Engineering and Research, Pune",Private,Pune,Pune,Maharashtra,B++,2.78,570,105000,540,12,65.65,413265,71,Technology,71.6,340992,70.8,351092,Increasing: 71.60->72.70->73.50,Low
413,2024,MHT CET,CAP Round 1,ST,Pune University,All India,Engineering,Civil Engineering,06146,"MIT Academy of Engineering, Alandi, Pune",Private,Pune,Pune,Maharashtra,A,3.21,310,175000,840,11,81.71,46016,87,Civil,81.6,46093,80.8,48177,Increasing: 79.70->80.80->81.60,Medium
414,2023,JEE,CAP Round 3,ST,Pune University,Home University,Engineering,Electrical Engineering,06289,"TSSM's Bhivarabai Sawant College of Engineering and Research, Pune",Private,Pune,Pune,Maharashtra,B+,2.65,610,98000,480,9,66.84,398589,83,Technology,62.7,447809,61.6,461443,Increasing: 61.60->62.70->63.50,High
415,2022,JEE,CAP Round 2,OPEN,Mumbai University,Other University,Engineering,Chemical Engineering,03117,"Watumull Institute of Electronics Engineering and Computer Technology, Worli, Mumbai",Private,Mumbai,Mumbai,Maharashtra,B+,2.7,545,128000,360,15,75.39,295499,87,Science,77.7,268319,76.9,278899,Increasing: 77.70->78.80->79.60,Medium
416,2023,MHT CET,CAP Round 1,SC,Pune University,Home University,Engineering,Computer Engineering,06271,"COEP Technological University, Pune",Govt,Pune,Pune,Maharashtra,A++,3.73,73,55000,720,7,96.86,8123,63,Technology,96.9,8316,95.8,10587,Increasing: 95.80->96.90->97.70,Medium
417,2022,MHT CET,CAP Round 3,VJNT,Mumbai University,Other University,Engineering,Mechanical Engineering,03112,"Xavier Institute of Engineering, Mahim, Mumbai",Private,Mumbai,Mumbai,Maharashtra,A,3.04,460,130000,420,4,77.12,57245,79,Mechanical,75.6,61267,74.8,63113,Increasing: 75.60->76.70->77.50,Medium
418,2023,MHT CET,CAP Round 2,VJNT,Pune University,All India,Engineering,Information Technology,06279,"Dr. D. Y. Patil Institute of Technology, Pimpri, Pune",Private,Pune,Pune,Maharashtra,A,3.2,260,135000,780,4,88.94,28195,86,Technology,91.5,21827,90.4,24286,Increasing: 90.40->91.50->92.30,Medium
419,2024,MHT CET,CAP Round 1,OPEN,Mumbai University,All India,Engineering,Robotics and Automation,03118,"SIES Graduate School of Technology, Mumbai Region",Private,Mumbai,Mumbai,Maharashtra,A,3.12,375,142000,600,30,98.55,4171,65,Technology,93.0,17937,92.2,19775,Increasing: 91.10->92.20->93.00,High
420,2022,JEE,CAP Round 2,SC,Pune University,Home University,Engineering,Civil Engineering,06206,"Pune District Education Association's College of Engineering, Pune",Private,Pune,Pune,Maharashtra,B++,2.82,560,95000,420,7,67.5,390330,65,Civil,65.4,415306,64.6,425502,Increasing: 65.40->66.50->67.30,Medium
421,2022,MHT CET,CAP Round 1,SC,Pune University,Home University,Engineering,Civil Engineering,06283,"Indira College of Engineering and Management, Pune",Private,Pune,Pune,Maharashtra,B++,2.91,520,110000,540,11,67.43,81559,72,Civil,68.9,77956,68.1,80206,Increasing: 68.90->70.00->70.80,Medium
422,2024,JEE,CAP Round 2,ST,Mumbai University,All India,Engineering,Chemical Engineering,03184,"Fr. Conceicao Rodrigues College of Engineering, Bandra, Mumbai",Private,Mumbai,Mumbai,Maharashtra,A,3.2,270,160000,600,5,85.55,174450,95,Science,85.4,176105,84.6,185469,Increasing: 83.50->84.60->85.40,Medium
423,2023,JEE,CAP Round 1,SC,Mumbai University,Home University,Engineering,Electronics and Telecommunication Engineering,03121,"Pillai College of Engineering, Mumbai Region",Private,Mumbai,Mumbai,Maharashtra,A,3.08,410,138000,660,5,79.04,252312,100,Technology,82.2,213894,81.1,227760,Increasing: 81.10->82.20->83.00,Low
424,2023,JEE,CAP Round 3,OBC,Mumbai University,Home University,Engineering,Robotics and Automation,03182,"Thadomal Shahani Engineering College, Bandra, Mumbai",Private,Mumbai,Mumbai,Maharashtra,A,3.26,225,195000,660,24,85.85,170913,57,Technology,93.0,84054,91.9,97870,Increasing: 91.90->93.00->93.80,Low
425,2023,MHT CET,CAP Round 2,EWS,Mumbai University,All India,Engineering,Computer Engineering,03114,"Don Bosco Institute of Technology, Kurla, Mumbai",Private,Mumbai,Mumbai,Maharashtra,B++,2.88,500,138000,480,5,89.07,27404,68,Technology,84.9,38117,83.8,40942,Increasing: 83.80->84.90->85.70,High
426,2024,JEE,CAP Round 3,VJNT,Mumbai University,All India,Engineering,Electrical Engineering,03119,"MGM College of Engineering and Technology, Mumbai Region",Private,Mumbai,Mumbai,Maharashtra,B+,2.76,525,120000,480,4,70.28,357446,68,Technology,76.3,284953,75.5,294261,Increasing: 74.40->75.50->76.30,Low
427,2022,MHT CET,CAP Round 1,SC,Mumbai University,All India,Engineering,Computer Engineering,03139,"Vidyalankar Institute of Technology, Wadala, Mumbai",Private,Mumbai,Mumbai,Maharashtra,A+,3.35,340,150000,720,10,88.4,29169,84,Technology,88.9,28040,88.1,29978,Increasing: 88.90->90.00->90.80,Medium
428,2024,MHT CET,CAP Round 1,EWS,Mumbai University,Home University,Engineering,Information Technology,03118,"SIES Graduate School of Technology, Mumbai Region",Private,Mumbai,Mumbai,Maharashtra,A,3.09,375,137000,600,9,95.98,10507,90,Technology,91.2,22369,90.4,24233,Increasing: 89.30->90.40->91.20,High
429,2024,JEE,CAP Round 1,ST,Pune University,Other University,Engineering,Electronics and Telecommunication Engineering,06732,"Ajeenkya DY Patil School of Engineering, Lohegaon, Pune",Private,Pune,Pune,Maharashtra,B++,2.83,540,125000,600,8,75.23,297839,79,Technology,73.2,323259,72.4,331800,Increasing: 71.30->72.40->73.20,Medium
430,2024,JEE,CAP Round 2,EWS,Mumbai University,Home University,Engineering,Civil Engineering,03122,"Datta Meghe College of Engineering, Mumbai Region",Private,Mumbai,Mumbai,Maharashtra,A,3.1,400,131000,600,7,85.69,172459,61,Civil,83.0,204496,82.2,214269,Increasing: 81.10->82.20->83.00,High
431,2024,MHT CET,CAP Round 3,OBC,Mumbai University,Home University,Engineering,Electronics and Telecommunication Engineering,03118,"SIES Graduate School of Technology, Mumbai Region",Private,Mumbai,Mumbai,Maharashtra,A,3.1,375,142000,600,14,86.73,33325,86,Technology,84.8,38472,84.0,40125,Increasing: 82.90->84.00->84.80,Medium
432,2024,MHT CET,CAP Round 2,EWS,Pune University,Other University,Engineering,Electrical Engineering,06291,"RMD Sinhgad School of Engineering, Pune",Private,Pune,Pune,Maharashtra,B++,2.79,590,97000,480,9,67.0,82576,80,Technology,74.6,63719,73.8,65708,Increasing: 72.70->73.80->74.60,Low
433,2022,MHT CET,CAP Round 3,ST,Pune University,All India,Engineering,Electrical Engineering,06283,"Indira College of Engineering and Management, Pune",Private,Pune,Pune,Maharashtra,B++,2.91,520,115000,540,6,67.07,82414,100,Technology,67.9,80775,67.1,82591,Increasing: 67.90->69.00->69.80,Medium
434,2023,JEE,CAP Round 2,OBC,Mumbai University,All India,Engineering,Chemical Engineering,03120,"Terna Engineering College, Mumbai Region",Private,Mumbai,Mumbai,Maharashtra,B+,2.66,550,110000,480,14,81.55,222956,64,Science,75.9,290141,74.8,303946,Increasing: 74.80->75.90->76.70,High
435,2022,MHT CET,CAP Round 3,OPEN,Pune University,Home University,Engineering,Information Technology,06175,"Pimpri Chinchwad College of Engineering, Pune",Private,Pune,Pune,Maharashtra,A++,3.61,220,150000,960,45,87.62,31470,68,Technology,94.9,13059,94.1,15176,Increasing: 94.90->96.00->96.80,Low
436,2022,MHT CET,CAP Round 2,SC,Pune University,Other University,Engineering,Electrical Engineering,06289,"TSSM's Bhivarabai Sawant College of Engineering and Research, Pune",Private,Pune,Pune,Maharashtra,B+,2.67,610,93000,480,9,62.54,93756,82,Technology,65.5,86442,64.7,88623,Increasing: 65.50->66.60->67.40,Medium
437,2022,MHT CET,CAP Round 3,OBC,Pune University,Other University,Engineering,Mechanical Engineering,06274,"MIT World Peace University School of Engineering, Pune",Private,Pune,Pune,Maharashtra,A+,3.44,199,275000,840,26,87.67,31119,84,Mechanical,88.6,28771,87.8,30637,Increasing: 88.60->89.70->90.50,Medium
438,2022,MHT CET,CAP Round 2,VJNT,Pune University,All India,Engineering,Computer Engineering,06288,"Genba Sopanrao Moze College of Engineering, Pune",Private,Pune,Pune,Maharashtra,B,2.46,700,80000,360,4,59.35,102056,68,Technology,67.6,81239,66.8,83468,Increasing: 67.60->68.70->69.50,Low
439,2022,JEE,CAP Round 3,OBC,Mumbai University,Home University,Engineering,Artificial Intelligence and Data Science,03116,"St. Francis Institute of Technology, Borivali, Mumbai",Private,Mumbai,Mumbai,Maharashtra,A,3.13,360,150000,660,22,79.39,247837,83,Technology,87.8,147148,87.0,156678,Increasing: 87.80->88.90->89.70,Low
440,2023,JEE,CAP Round 3,EWS,Pune University,All India,Engineering,Cyber Security,06276,"Army Institute of Technology, Pune",Private,Pune,Pune,Maharashtra,A,3.29,180,190000,480,12,96.76,40193,83,Technology,98.2,22267,97.1,36428,Increasing: 97.10->98.20->99.00,Medium
441,2023,MHT CET,CAP Round 1,VJNT,Pune University,All India,Engineering,Electrical Engineering,06274,"MIT World Peace University School of Engineering, Pune",Private,Pune,Pune,Maharashtra,A+,3.44,199,270000,840,4,92.38,19536,68,Technology,93.2,17591,92.1,20220,Increasing: 92.10->93.20->94.00,Medium
442,2022,JEE,CAP Round 3,SC,Mumbai University,All India,Engineering,Robotics and Automation,03124,"Saraswati College of Engineering, Mumbai Region",Private,Mumbai,Mumbai,Maharashtra,B+,2.69,580,107000,420,8,66.57,402606,93,Technology,70.4,355699,69.6,365873,Increasing: 70.40->71.50->72.30,Low
443,2024,JEE,CAP Round 2,EWS,Mumbai University,Other University,Engineering,Information Technology,03125,"M.H. Saboo Siddik College of Engineering, Mumbai",Private,Mumbai,Mumbai,Maharashtra,A,2.98,475,132000,420,10,79.93,242411,80,Technology,86.9,157918,86.1,167381,Increasing: 85.00->86.10->86.90,Low
444,2022,MHT CET,CAP Round 2,SC,Pune University,All India,Engineering,Robotics and Automation,06732,"Ajeenkya DY Patil School of Engineering, Lohegaon, Pune",Private,Pune,Pune,Maharashtra,B++,2.83,540,120000,600,13,72.08,69900,79,Technology,71.6,71507,70.8,73180,Increasing: 71.60->72.70->73.50,Medium
445,2024,MHT CET,CAP Round 2,SC,Pune University,Other University,Engineering,Electrical Engineering,06285,"Dhole Patil College of Engineering, Pune",Private,Pune,Pune,Maharashtra,B+,2.69,600,93000,480,12,74.67,63686,83,Technology,68.4,79445,67.6,81198,Increasing: 66.50->67.60->68.40,High
446,2023,MHT CET,CAP Round 3,ST,Mumbai University,Home University,Engineering,Chemical Engineering,03110,"Atharva College of Engineering, Malad, Mumbai",Private,Mumbai,Mumbai,Maharashtra,B++,2.88,490,132000,600,8,74.62,63948,80,Science,68.9,77927,67.8,80737,Increasing: 67.80->68.90->69.70,High
447,2023,JEE,CAP Round 2,OPEN,Pune University,Home University,Engineering,Robotics and Automation,06271,"COEP Technological University, Pune",Govt,Pune,Pune,Maharashtra,A++,3.73,73,55000,720,38,99.14,11223,93,Technology,99.95,2062,99.8,3667,Stable: 99.80->99.95->99.95,Medium
448,2023,JEE,CAP Round 2,SC,Pune University,All India,Engineering,Information Technology,06290,"NBN Sinhgad School of Engineering, Pune",Private,Pune,Pune,Maharashtra,B+,2.66,630,96000,420,7,70.19,358332,80,Technology,70.0,360716,68.9,373983,Increasing: 68.90->70.00->70.80,Medium
449,2024,MHT CET,CAP Round 3,OBC,Pune University,Other University,Engineering,Information Technology,06272,"Pune Institute of Computer Technology, Pune",Private,Pune,Pune,Maharashtra,A+,3.55,101,135000,660,19,99.95,617,91,Technology,98.5,4186,97.7,6219,Increasing: 96.60->97.70->98.50,Medium
450,2023,MHT CET,CAP Round 2,EWS,Pune University,All India,Engineering,Mechanical Engineering,06278,"All India Shri Shivaji Memorial Society's College of Engineering, Pune",Private,Pune,Pune,Maharashtra,A+,3.35,320,137000,720,11,87.52,31224,58,Mechanical,87.7,31029,86.6,33983,Increasing: 86.60->87.70->88.50,Medium
451,2022,MHT CET,CAP Round 2,SC,Pune University,Home University,Engineering,Artificial Intelligence and Data Science,06285,"Dhole Patil College of Engineering, Pune",Private,Pune,Pune,Maharashtra,B+,2.7,600,103000,480,6,63.2,92110,75,Technology,69.0,77805,68.2,79891,Increasing: 69.00->70.10->70.90,Low
452,2024,MHT CET,CAP Round 1,OBC,Pune University,All India,Engineering,Electrical Engineering,06272,"Pune Institute of Computer Technology, Pune",Private,Pune,Pune,Maharashtra,A+,3.56,101,130000,660,17,92.03,20239,77,Technology,99.0,2619,98.2,5071,Increasing: 97.10->98.20->99.00,Low
453,2024,JEE,CAP Round 3,EWS,Pune University,Other University,Engineering,Computer Engineering,06279,"Dr. D. Y. Patil Institute of Technology, Pimpri, Pune",Private,Pune,Pune,Maharashtra,A,3.16,260,140000,780,7,96.28,45318,94,Technology,95.4,55508,94.6,65351,Increasing: 93.50->94.60->95.40,Medium
454,2022,JEE,CAP Round 2,OPEN,Mumbai University,All India,Engineering,Civil Engineering,03101,"Veermata Jijabai Technological Institute (VJTI), Mumbai",Govt,Mumbai,Mumbai,Maharashtra,A++,3.76,84,80000,720,38,99.95,800,53,Civil,97.5,30410,96.7,40747,Increasing: 97.50->98.60->99.40,Medium
455,2023,JEE,CAP Round 3,OBC,Mumbai University,Home University,Engineering,Mechanical Engineering,03116,"St. Francis Institute of Technology, Borivali, Mumbai",Private,Mumbai,Mumbai,Maharashtra,A,3.18,360,140000,660,23,83.17,202275,67,Mechanical,83.5,198784,82.4,211589,Increasing: 82.40->83.50->84.30,Medium
456,2024,MHT CET,CAP Round 1,ST,Pune University,All India,Engineering,Cyber Security,06272,"Pune Institute of Computer Technology, Pune",Private,Pune,Pune,Maharashtra,A+,3.52,101,135000,660,11,99.88,767,81,Technology,95.0,12622,94.2,14565,Increasing: 93.10->94.20->95.00,High
457,2022,JEE,CAP Round 2,ST,Mumbai University,Other University,Engineering,Civil Engineering,03125,"M.H. Saboo Siddik College of Engineering, Mumbai",Private,Mumbai,Mumbai,Maharashtra,A,2.99,475,122000,420,9,75.7,292465,65,Civil,70.6,352957,69.8,363751,Increasing: 70.60->71.70->72.50,High
458,2024,JEE,CAP Round 1,VJNT,Pune University,Other University,Engineering,Chemical Engineering,06288,"Genba Sopanrao Moze College of Engineering, Pune",Private,Pune,Pune,Maharashtra,B,2.42,700,90000,360,4,71.92,338742,76,Science,66.6,401778,65.8,411797,Increasing: 64.70->65.80->66.60,High
459,2023,MHT CET,CAP Round 3,ST,Pune University,Home University,Engineering,Electrical Engineering,06292,"Zeal College of Engineering and Research, Pune",Private,Pune,Pune,Maharashtra,B++,2.78,570,100000,540,7,60.81,98169,96,Technology,64.2,89872,63.1,92422,Increasing: 63.10->64.20->65.00,Low
460,2022,JEE,CAP Round 3,ST,Pune University,Home University,Engineering,Robotics and Automation,06273,"Vishwakarma Institute of Technology, Bibwewadi, Pune",Private,Pune,Pune,Maharashtra,A++,3.63,151,190000,900,9,81.29,225352,86,Technology,86.9,157287,86.1,166864,Increasing: 86.90->88.00->88.80,Low
461,2022,MHT CET,CAP Round 2,EWS,Mumbai University,All India,Engineering,Electronics and Telecommunication Engineering,03123,"Lokmanya Tilak College of Engineering, Mumbai Region",Private,Mumbai,Mumbai,Maharashtra,A,3.01,435,138000,600,7,83.46,41729,84,Technology,84.6,39042,83.8,41066,Increasing: 84.60->85.70->86.50,Medium
462,2024,MHT CET,CAP Round 1,SC,Mumbai University,All India,Engineering,Information Technology,03117,"Watumull Institute of Electronics Engineering and Computer Technology, Worli, Mumbai",Private,Mumbai,Mumbai,Maharashtra,B+,2.68,545,128000,360,9,72.97,68012,82,Technology,78.3,54644,77.5,56331,Increasing: 76.40->77.50->78.30,Low
463,2023,MHT CET,CAP Round 2,EWS,Mumbai University,Home University,Engineering,Robotics and Automation,03102,"Sardar Patel Institute of Technology, Mumbai",Private,Mumbai,Mumbai,Maharashtra,A+,3.56,125,180000,600,6,91.53,21742,63,Technology,97.4,7041,96.3,9762,Increasing: 96.30->97.40->98.20,Low
464,2024,MHT CET,CAP Round 2,VJNT,Mumbai University,Home University,Engineering,Information Technology,03119,"MGM College of Engineering and Technology, Mumbai Region",Private,Mumbai,Mumbai,Maharashtra,B+,2.75,525,115000,480,6,73.7,65805,95,Technology,78.0,55051,77.2,57146,Increasing: 76.10->77.20->78.00,Low
465,2023,MHT CET,CAP Round 3,VJNT,Pune University,Other University,Engineering,Computer Engineering,06277,"Bharati Vidyapeeth College of Engineering, Pune",Private,Pune,Pune,Maharashtra,A+,3.43,250,140000,720,9,92.56,19102,91,Technology,90.9,23154,89.8,25685,Increasing: 89.80->90.90->91.70,Medium
466,2023,MHT CET,CAP Round 2,ST,Pune University,Other University,Engineering,Artificial Intelligence and Data Science,06175,"Pimpri Chinchwad College of Engineering, Pune",Private,Pune,Pune,Maharashtra,A++,3.6,220,145000,960,8,88.74,28317,84,Technology,88.8,28556,87.7,30920,Increasing: 87.70->88.80->89.60,Medium
467,2023,JEE,CAP Round 3,OBC,Pune University,Home University,Engineering,Electrical Engineering,06325,"Alard College of Engineering and Management, Pune",Private,Pune,Pune,Maharashtra,B+,2.62,620,100000,420,15,71.59,341366,82,Technology,69.2,370936,68.1,383241,Increasing: 68.10->69.20->70.00,Medium
468,2022,JEE,CAP Round 2,SC,Mumbai University,Home University,Engineering,Electrical Engineering,03124,"Saraswati College of Engineering, Mumbai Region",Private,Mumbai,Mumbai,Maharashtra,B+,2.66,580,112000,420,8,60.46,475943,54,Technology,68.3,380829,67.5,391718,Increasing: 68.30->69.40->70.20,Low
469,2024,JEE,CAP Round 2,OBC,Mumbai University,Other University,Engineering,Mechanical Engineering,03116,"St. Francis Institute of Technology, Borivali, Mumbai",Private,Mumbai,Mumbai,Maharashtra,A,3.19,360,150000,660,16,89.68,125505,70,Mechanical,86.7,159899,85.9,170142,Increasing: 84.80->85.90->86.70,High
470,2022,JEE,CAP Round 1,OPEN,Pune University,Home University,Engineering,Information Technology,06274,"MIT World Peace University School of Engineering, Pune",Private,Pune,Pune,Maharashtra,A+,3.43,199,280000,840,42,99.95,2053,82,Technology,99.6,5841,98.8,14853,Stable: 99.60->99.95->99.95,Medium
471,2024,JEE,CAP Round 3,OBC,Mumbai University,All India,Engineering,Information Technology,03111,"Rizvi College of Engineering, Bandra, Mumbai",Private,Mumbai,Mumbai,Maharashtra,B++,2.86,505,140000,480,20,89.11,132180,77,Technology,83.1,203314,82.3,212649,Increasing: 81.20->82.30->83.10,High
472,2024,JEE,CAP Round 2,VJNT,Pune University,Home University,Engineering,Information Technology,06278,"All India Shri Shivaji Memorial Society's College of Engineering, Pune",Private,Pune,Pune,Maharashtra,A+,3.33,320,132000,720,4,88.49,138477,92,Technology,89.5,126547,88.7,135861,Increasing: 87.60->88.70->89.50,Medium
473,2024,JEE,CAP Round 1,EWS,Mumbai University,All India,Engineering,Cyber Security,03122,"Datta Meghe College of Engineering, Mumbai Region",Private,Mumbai,Mumbai,Maharashtra,A,3.07,400,131000,600,5,91.76,99720,72,Technology,92.7,89085,91.9,98392,Increasing: 90.80->91.90->92.70,Medium
474,2024,MHT CET,CAP Round 1,OBC,Mumbai University,Other University,Engineering,Information Technology,03123,"Lokmanya Tilak College of Engineering, Mumbai Region",Private,Mumbai,Mumbai,Maharashtra,A,3.05,435,133000,600,22,84.89,38249,72,Technology,88.7,28602,87.9,30430,Increasing: 86.80->87.90->88.70,Low
475,2023,JEE,CAP Round 1,OPEN,Mumbai University,Home University,Engineering,Robotics and Automation,03182,"Thadomal Shahani Engineering College, Bandra, Mumbai",Private,Mumbai,Mumbai,Maharashtra,A,3.25,225,185000,660,35,98.87,15245,68,Technology,99.2,11281,98.1,23823,Increasing: 98.10->99.20->99.95,Medium
476,2024,MHT CET,CAP Round 2,OPEN,Mumbai University,All India,Engineering,Artificial Intelligence and Data Science,03103,"Dwarkadas J. Sanghvi College of Engineering, Mumbai",Private,Mumbai,Mumbai,Maharashtra,A+,3.51,160,205000,720,29,99.95,303,79,Technology,99.95,152,99.95,524,Stable: 99.95->99.95->99.95,Medium
477,2024,JEE,CAP Round 1,ST,Pune University,Other University,Engineering,Robotics and Automation,06273,"Vishwakarma Institute of Technology, Bibwewadi, Pune",Private,Pune,Pune,Maharashtra,A++,3.61,151,200000,900,4,90.81,110897,91,Technology,93.2,81669,92.4,92728,Increasing: 91.30->92.40->93.20,Medium
478,2024,MHT CET,CAP Round 1,VJNT,Mumbai University,Other University,Engineering,Mechanical Engineering,03120,"Terna Engineering College, Mumbai Region",Private,Mumbai,Mumbai,Maharashtra,B+,2.65,550,125000,480,8,69.55,76556,60,Mechanical,74.7,63465,73.9,65703,Increasing: 72.80->73.90->74.70,Low
479,2022,JEE,CAP Round 1,OPEN,Mumbai University,Home University,Engineering,Civil Engineering,03121,"Pillai College of Engineering, Mumbai Region",Private,Mumbai,Mumbai,Maharashtra,A,3.04,410,148000,660,33,90.84,110081,49,Civil,84.4,188469,83.6,198157,Increasing: 84.40->85.50->86.30,High
480,2022,JEE,CAP Round 3,OPEN,Mumbai University,Other University,Engineering,Artificial Intelligence and Data Science,03123,"Lokmanya Tilak College of Engineering, Mumbai Region",Private,Mumbai,Mumbai,Maharashtra,A,3.02,435,138000,600,27,84.04,191650,77,Technology,88.0,144062,87.2,154706,Increasing: 88.00->89.10->89.90,Low
481,2022,MHT CET,CAP Round 2,EWS,Mumbai University,All India,Engineering,Mechanical Engineering,03103,"Dwarkadas J. Sanghvi College of Engineering, Mumbai",Private,Mumbai,Mumbai,Maharashtra,A+,3.51,160,210000,720,13,97.08,7626,61,Mechanical,94.3,14627,93.5,16687,Increasing: 94.30->95.40->96.20,High
482,2024,JEE,CAP Round 3,OBC,Mumbai University,Home University,Engineering,Cyber Security,03117,"Watumull Institute of Electronics Engineering and Computer Technology, Worli, Mumbai",Private,Mumbai,Mumbai,Maharashtra,B+,2.72,545,128000,360,13,75.47,295630,100,Technology,78.5,258622,77.7,267693,Increasing: 76.60->77.70->78.50,Low
483,2023,JEE,CAP Round 2,SC,Mumbai University,Home University,Engineering,Artificial Intelligence and Data Science,03110,"Atharva College of Engineering, Malad, Mumbai",Private,Mumbai,Mumbai,Maharashtra,B++,2.88,490,142000,600,6,72.3,334200,100,Technology,78.6,258033,77.5,270095,Increasing: 77.50->78.60->79.40,Low
484,2022,JEE,CAP Round 3,OPEN,Mumbai University,Home University,Engineering,Civil Engineering,03101,"Veermata Jijabai Technological Institute (VJTI), Mumbai",Govt,Mumbai,Mumbai,Maharashtra,A++,3.72,84,80000,720,36,94.35,68109,80,Civil,94.5,67633,93.7,77230,Increasing: 94.50->95.60->96.40,Medium
485,2023,JEE,CAP Round 3,ST,Mumbai University,All India,Engineering,Electronics and Telecommunication Engineering,03183,"Anjuman-I-Islam's M.H. Saboo Siddik College of Engineering, Byculla, Mumbai",Private,Mumbai,Mumbai,Maharashtra,A,3.02,450,120000,540,6,77.35,273515,78,Technology,76.8,279252,75.7,292997,Increasing: 75.70->76.80->77.60,Medium
486,2024,JEE,CAP Round 1,ST,Mumbai University,Other University,Engineering,Information Technology,03184,"Fr. Conceicao Rodrigues College of Engineering, Bandra, Mumbai",Private,Mumbai,Mumbai,Maharashtra,A,3.22,270,170000,600,4,92.59,90498,56,Technology,91.4,103413,90.6,113000,Increasing: 89.50->90.60->91.40,Medium
487,2023,MHT CET,CAP Round 1,SC,Mumbai University,All India,Engineering,Information Technology,03120,"Terna Engineering College, Mumbai Region",Private,Mumbai,Mumbai,Maharashtra,B+,2.68,550,110000,480,12,77.97,55382,73,Technology,77.0,57789,75.9,60310,Increasing: 75.90->77.00->77.80,Medium
488,2022,MHT CET,CAP Round 2,OPEN,Mumbai University,Other University,Engineering,Information Technology,03117,"Watumull Institute of Electronics Engineering and Computer Technology, Worli, Mumbai",Private,Mumbai,Mumbai,Maharashtra,B+,2.68,545,118000,360,23,80.06,50290,84,Technology,81.3,47212,80.5,48970,Increasing: 81.30->82.40->83.20,Medium
489,2022,JEE,CAP Round 3,OBC,Pune University,Other University,Engineering,Cyber Security,06278,"All India Shri Shivaji Memorial Society's College of Engineering, Pune",Private,Pune,Pune,Maharashtra,A+,3.38,320,127000,720,23,86.78,159903,69,Technology,89.3,129156,88.5,138834,Increasing: 89.30->90.40->91.20,Medium
490,2023,MHT CET,CAP Round 2,SC,Mumbai University,Home University,Engineering,Cyber Security,03114,"Don Bosco Institute of Technology, Kurla, Mumbai",Private,Mumbai,Mumbai,Maharashtra,B++,2.88,500,133000,480,6,75.3,62183,77,Technology,76.4,59171,75.3,61784,Increasing: 75.30->76.40->77.20,Medium
491,2022,MHT CET,CAP Round 3,ST,Mumbai University,All India,Engineering,Information Technology,03182,"Thadomal Shahani Engineering College, Bandra, Mumbai",Private,Mumbai,Mumbai,Maharashtra,A,3.29,225,185000,660,4,81.42,46595,63,Technology,87.5,31631,86.7,33675,Increasing: 87.50->88.60->89.40,Low
492,2024,JEE,CAP Round 1,VJNT,Pune University,All India,Engineering,Artificial Intelligence and Data Science,06273,"Vishwakarma Institute of Technology, Bibwewadi, Pune",Private,Pune,Pune,Maharashtra,A++,3.61,151,200000,900,5,99.95,1955,83,Technology,99.95,1643,99.95,706,Stable: 99.10->99.95->99.95,Medium
493,2023,JEE,CAP Round 3,SC,Pune University,Home University,Engineering,Chemical Engineering,06277,"Bharati Vidyapeeth College of Engineering, Pune",Private,Pune,Pune,Maharashtra,A+,3.39,250,145000,720,8,85.4,176900,81,Science,82.9,206973,81.8,219915,Increasing: 81.80->82.90->83.70,High
494,2022,MHT CET,CAP Round 1,OPEN,Pune University,All India,Engineering,Robotics and Automation,06732,"Ajeenkya DY Patil School of Engineering, Lohegaon, Pune",Private,Pune,Pune,Maharashtra,B++,2.85,540,130000,600,31,83.26,42355,83,Technology,81.1,47395,80.3,49386,Increasing: 81.10->82.20->83.00,Medium
495,2024,JEE,CAP Round 2,SC,Mumbai University,All India,Engineering,Cyber Security,03120,"Terna Engineering College, Mumbai Region",Private,Mumbai,Mumbai,Maharashtra,B+,2.68,550,115000,480,6,74.64,304542,75,Technology,76.5,282067,75.7,293327,Increasing: 74.60->75.70->76.50,Medium
496,2022,JEE,CAP Round 1,OPEN,Pune University,All India,Engineering,Mechanical Engineering,06273,"Vishwakarma Institute of Technology, Bibwewadi, Pune",Private,Pune,Pune,Maharashtra,A++,3.64,151,200000,900,42,97.5,30359,76,Mechanical,98.7,17092,97.9,26449,Increasing: 98.70->99.80->99.95,Medium
497,2024,MHT CET,CAP Round 2,EWS,Pune University,Home University,Engineering,Information Technology,06290,"NBN Sinhgad School of Engineering, Pune",Private,Pune,Pune,Maharashtra,B+,2.63,630,106000,420,7,79.68,51315,83,Technology,73.7,66267,72.9,67826,Increasing: 71.80->72.90->73.70,High
498,2023,JEE,CAP Round 2,ST,Pune University,Other University,Engineering,Computer Engineering,06146,"MIT Academy of Engineering, Alandi, Pune",Private,Pune,Pune,Maharashtra,A,3.19,310,175000,840,4,85.35,176902,84,Technology,86.1,168052,85.0,180461,Increasing: 85.00->86.10->86.90,Medium
499,2024,JEE,CAP Round 1,VJNT,Mumbai University,Other University,Engineering,Electronics and Telecommunication Engineering,03183,"Anjuman-I-Islam's M.H. Saboo Siddik College of Engineering, Byculla, Mumbai",Private,Mumbai,Mumbai,Maharashtra,A,3.04,450,120000,540,7,79.88,243075,81,Technology,85.2,178559,84.4,188825,Increasing: 83.30->84.40->85.20,Low
500,2023,MHT CET,CAP Round 1,SC,Mumbai University,Home University,Engineering,Artificial Intelligence and Data Science,03117,"Watumull Institute of Electronics Engineering and Computer Technology, Worli, Mumbai",Private,Mumbai,Mumbai,Maharashtra,B+,2.68,545,123000,360,9,78.73,53240,80,Technology,76.1,60168,75.0,62956,Increasing: 75.00->76.10->76.90,High
501,2022,MHT CET,CAP Round 1,VJNT,Mumbai University,Other University,Engineering,Computer Engineering,03182,"Thadomal Shahani Engineering College, Bandra, Mumbai",Private,Mumbai,Mumbai,Maharashtra,A,3.28,225,195000,660,5,99.57,1220,73,Technology,95.8,10782,95.0,12579,Increasing: 95.80->96.90->97.70,High
502,2022,MHT CET,CAP Round 3,SC,Mumbai University,Home University,Engineering,Electronics and Telecommunication Engineering,03116,"St. Francis Institute of Technology, Borivali, Mumbai",Private,Mumbai,Mumbai,Maharashtra,A,3.14,360,145000,660,9,77.0,58025,97,Technology,79.9,50486,79.1,52491,Increasing: 79.90->81.00->81.80,Medium
503,2024,JEE,CAP Round 2,OPEN,Mumbai University,Other University,Engineering,Robotics and Automation,03118,"SIES Graduate School of Technology, Mumbai Region",Private,Mumbai,Mumbai,Maharashtra,A,3.07,375,152000,600,33,92.61,89540,81,Technology,91.4,103699,90.6,114498,Increasing: 89.50->90.60->91.40,Medium
504,2022,MHT CET,CAP Round 2,OPEN,Pune University,Other University,Engineering,Civil Engineering,06146,"MIT Academy of Engineering, Alandi, Pune",Private,Pune,Pune,Maharashtra,A,3.23,310,165000,840,36,84.37,39140,61,Civil,87.1,32751,86.3,34395,Increasing: 87.10->88.20->89.00,Medium
505,2023,MHT CET,CAP Round 3,OPEN,Pune University,All India,Engineering,Information Technology,06288,"Genba Sopanrao Moze College of Engineering, Pune",Private,Pune,Pune,Maharashtra,B,2.42,700,85000,360,16,66.35,84334,72,Technology,71.8,70901,70.7,73623,Increasing: 70.70->71.80->72.60,Low
506,2022,JEE,CAP Round 2,VJNT,Mumbai University,Home University,Engineering,Computer Engineering,03184,"Fr. Conceicao Rodrigues College of Engineering, Bandra, Mumbai",Private,Mumbai,Mumbai,Maharashtra,A,3.17,270,160000,600,4,94.64,64915,88,Technology,92.0,96910,91.2,106389,Increasing: 92.00->93.10->93.90,High
507,2022,MHT CET,CAP Round 2,VJNT,Mumbai University,Other University,Engineering,Robotics and Automation,03182,"Thadomal Shahani Engineering College, Bandra, Mumbai",Private,Mumbai,Mumbai,Maharashtra,A,3.29,225,180000,660,4,89.27,27025,51,Technology,91.3,22118,90.5,23810,Increasing: 91.30->92.40->93.20,Medium
508,2022,JEE,CAP Round 1,ST,Pune University,All India,Engineering,Electrical Engineering,06732,"Ajeenkya DY Patil School of Engineering, Lohegaon, Pune",Private,Pune,Pune,Maharashtra,B++,2.83,540,115000,600,11,63.53,437874,66,Technology,70.6,354077,69.8,364038,Increasing: 70.60->71.70->72.50,Low
509,2022,JEE,CAP Round 1,VJNT,Pune University,All India,Engineering,Artificial Intelligence and Data Science,06272,"Pune Institute of Computer Technology, Pune",Private,Pune,Pune,Maharashtra,A+,3.55,101,120000,660,9,91.46,102584,57,Technology,99.8,2504,99.0,13745,Stable: 99.80->99.95->99.95,Low
510,2022,JEE,CAP Round 2,OPEN,Pune University,All India,Engineering,Information Technology,06277,"Bharati Vidyapeeth College of Engineering, Pune",Private,Pune,Pune,Maharashtra,A+,3.41,250,140000,720,36,90.5,115321,76,Technology,96.9,37370,96.1,48502,Increasing: 96.90->98.00->98.80,Low
511,2024,JEE,CAP Round 3,VJNT,Mumbai University,All India,Engineering,Electronics and Telecommunication Engineering,03113,"Rajiv Gandhi Institute of Technology, Andheri, Mumbai",Private,Mumbai,Mumbai,Maharashtra,B++,2.94,485,130000,540,4,77.8,267630,57,Technology,80.6,233095,79.8,243268,Increasing: 78.70->79.80->80.60,Medium
512,2024,JEE,CAP Round 1,EWS,Mumbai University,All India,Engineering,Electrical Engineering,03182,"Thadomal Shahani Engineering College, Bandra, Mumbai",Private,Mumbai,Mumbai,Maharashtra,A,3.28,225,190000,660,7,99.95,1691,69,Technology,98.5,18603,97.7,27854,Increasing: 96.60->97.70->98.50,Medium
513,2023,MHT CET,CAP Round 2,OPEN,Pune University,Other University,Engineering,Mechanical Engineering,06285,"Dhole Patil College of Engineering, Pune",Private,Pune,Pune,Maharashtra,B+,2.68,600,103000,480,20,75.86,60731,77,Mechanical,73.4,67071,72.3,69506,Increasing: 72.30->73.40->74.20,Medium
514,2023,JEE,CAP Round 3,OBC,Mumbai University,Other University,Engineering,Electrical Engineering,03101,"Veermata Jijabai Technological Institute (VJTI), Mumbai",Govt,Mumbai,Mumbai,Maharashtra,A++,3.73,84,85000,720,18,99.03,11885,90,Technology,96.7,40414,95.6,53386,Increasing: 95.60->96.70->97.50,Medium
515,2023,JEE,CAP Round 1,VJNT,Pune University,All India,Engineering,Robotics and Automation,06278,"All India Shri Shivaji Memorial Society's College of Engineering, Pune",Private,Pune,Pune,Maharashtra,A+,3.36,320,127000,720,9,89.09,131017,63,Technology,90.7,113374,89.6,124946,Increasing: 89.60->90.70->91.50,Medium
516,2024,MHT CET,CAP Round 3,ST,Pune University,Home University,Engineering,Cyber Security,06206,"Pune District Education Association's College of Engineering, Pune",Private,Pune,Pune,Maharashtra,B++,2.84,560,95000,420,4,64.23,89743,86,Technology,68.5,78851,67.7,81284,Increasing: 66.60->67.70->68.50,Low
517,2022,JEE,CAP Round 1,EWS,Pune University,All India,Engineering,Civil Engineering,06732,"Ajeenkya DY Patil School of Engineering, Lohegaon, Pune",Private,Pune,Pune,Maharashtra,B++,2.83,540,125000,600,13,76.79,278883,76,Civil,75.9,290843,75.1,300378,Increasing: 75.90->77.00->77.80,Medium
518,2022,JEE,CAP Round 1,ST,Mumbai University,Home University,Engineering,Electronics and Telecommunication Engineering,03139,"Vidyalankar Institute of Technology, Wadala, Mumbai",Private,Mumbai,Mumbai,Maharashtra,A+,3.33,340,160000,720,10,76.64,281270,82,Technology,82.9,206997,82.1,215355,Increasing: 82.90->84.00->84.80,Low
519,2023,MHT CET,CAP Round 1,SC,Mumbai University,Other University,Engineering,Electrical Engineering,03183,"Anjuman-I-Islam's M.H. Saboo Siddik College of Engineering, Byculla, Mumbai",Private,Mumbai,Mumbai,Maharashtra,A,3.05,450,125000,540,9,79.56,51678,71,Technology,79.6,51402,78.5,54100,Increasing: 78.50->79.60->80.40,Medium
520,2022,JEE,CAP Round 1,OPEN,Pune University,Home University,Engineering,Mechanical Engineering,06175,"Pimpri Chinchwad College of Engineering, Pune",Private,Pune,Pune,Maharashtra,A++,3.58,220,145000,960,51,86.34,165255,61,Mechanical,94.1,72560,93.3,81288,Increasing: 94.10->95.20->96.00,Low
521,2023,JEE,CAP Round 2,VJNT,Pune University,All India,Engineering,Civil Engineering,06273,"Vishwakarma Institute of Technology, Bibwewadi, Pune",Private,Pune,Pune,Maharashtra,A++,3.65,151,190000,900,6,92.02,96515,65,Civil,91.6,102517,90.5,115166,Increasing: 90.50->91.60->92.40,Medium
522,2023,JEE,CAP Round 2,EWS,Pune University,Other University,Engineering,Artificial Intelligence and Data Science,06277,"Bharati Vidyapeeth College of Engineering, Pune",Private,Pune,Pune,Maharashtra,A+,3.41,250,145000,720,9,99.95,1215,92,Technology,96.0,49727,94.9,62050,Increasing: 94.90->96.00->96.80,High
523,2022,MHT CET,CAP Round 1,EWS,Pune University,All India,Engineering,Mechanical Engineering,06285,"Dhole Patil College of Engineering, Pune",Private,Pune,Pune,Maharashtra,B+,2.68,600,103000,480,8,78.02,55462,54,Mechanical,73.1,67764,72.3,69609,Increasing: 73.10->74.20->75.00,High
524,2024,MHT CET,CAP Round 1,OPEN,Mumbai University,All India,Engineering,Computer Engineering,03125,"M.H. Saboo Siddik College of Engineering, Mumbai",Private,Mumbai,Mumbai,Maharashtra,A,3.01,475,132000,420,22,93.45,16825,87,Technology,91.0,22749,90.2,24873,Increasing: 89.10->90.20->91.00,Medium
525,2024,MHT CET,CAP Round 3,EWS,Pune University,All India,Engineering,Computer Engineering,06325,"Alard College of Engineering and Management, Pune",Private,Pune,Pune,Maharashtra,B+,2.68,620,90000,420,8,68.67,78582,82,Technology,76.0,60141,75.2,62327,Increasing: 74.10->75.20->76.00,Low
526,2023,MHT CET,CAP Round 2,ST,Pune University,Other University,Engineering,Electrical Engineering,06282,"JSPM Rajarshi Shahu College of Engineering, Tathawade, Pune",Private,Pune,Pune,Maharashtra,A,2.99,420,125000,780,4,74.17,64758,65,Technology,76.1,59947,75.0,62843,Increasing: 75.00->76.10->76.90,Medium
527,2023,JEE,CAP Round 2,EWS,Mumbai University,Other University,Engineering,Cyber Security,03110,"Atharva College of Engineering, Malad, Mumbai",Private,Mumbai,Mumbai,Maharashtra,B++,2.87,490,142000,600,11,80.89,230390,81,Technology,84.8,183329,83.7,195804,Increasing: 83.70->84.80->85.60,Low
528,2022,JEE,CAP Round 2,OPEN,Pune University,Home University,Engineering,Electrical Engineering,06206,"Pune District Education Association's College of Engineering, Pune",Private,Pune,Pune,Maharashtra,B++,2.84,560,95000,420,19,69.8,363671,95,Technology,75.8,290665,75.0,300963,Increasing: 75.80->76.90->77.70,Low
529,2023,JEE,CAP Round 3,ST,Mumbai University,Other University,Engineering,Electronics and Telecommunication Engineering,03123,"Lokmanya Tilak College of Engineering, Mumbai Region",Private,Mumbai,Mumbai,Maharashtra,A,3.02,435,128000,600,8,81.14,227564,74,Technology,76.7,280151,75.6,293140,Increasing: 75.60->76.70->77.50,High
530,2023,MHT CET,CAP Round 3,VJNT,Mumbai University,Other University,Engineering,Computer Engineering,03113,"Rajiv Gandhi Institute of Technology, Andheri, Mumbai",Private,Mumbai,Mumbai,Maharashtra,B++,2.97,485,125000,540,6,84.53,38972,77,Technology,80.9,48105,79.8,51026,Increasing: 79.80->80.90->81.70,High
531,2022,JEE,CAP Round 3,ST,Mumbai University,All India,Engineering,Cyber Security,03116,"St. Francis Institute of Technology, Borivali, Mumbai",Private,Mumbai,Mumbai,Maharashtra,A,3.17,360,145000,660,8,76.08,288171,67,Technology,81.9,217540,81.1,227877,Increasing: 81.90->83.00->83.80,Low
532,2023,MHT CET,CAP Round 2,VJNT,Pune University,Home University,Engineering,Electronics and Telecommunication Engineering,06278,"All India Shri Shivaji Memorial Society's College of Engineering, Pune",Private,Pune,Pune,Maharashtra,A+,3.38,320,137000,720,10,78.91,52893,64,Technology,85.7,36334,84.6,38743,Increasing: 84.60->85.70->86.50,Low
533,2022,JEE,CAP Round 3,OBC,Pune University,Other University,Engineering,Civil Engineering,06279,"Dr. D. Y. Patil Institute of Technology, Pimpri, Pune",Private,Pune,Pune,Maharashtra,A,3.16,260,130000,780,26,85.91,169368,79,Civil,85.4,175548,84.6,186283,Increasing: 85.40->86.50->87.30,Medium
534,2024,MHT CET,CAP Round 1,OPEN,Mumbai University,All India,Engineering,Chemical Engineering,03102,"Sardar Patel Institute of Technology, Mumbai",Private,Mumbai,Mumbai,Maharashtra,A+,3.57,125,175000,600,30,99.95,462,67,Science,99.95,486,99.95,379,Stable: 99.10->99.95->99.95,Medium
535,2024,MHT CET,CAP Round 2,EWS,Pune University,Other University,Engineering,Computer Engineering,06146,"MIT Academy of Engineering, Alandi, Pune",Private,Pune,Pune,Maharashtra,A,3.23,310,170000,840,13,92.69,18787,72,Technology,94.1,14864,93.3,17052,Increasing: 92.20->93.30->94.10,Medium
536,2024,MHT CET,CAP Round 2,OPEN,Mumbai University,Other University,Engineering,Electronics and Telecommunication Engineering,03104,"K. J. Somaiya College of Engineering, Mumbai",Private,Mumbai,Mumbai,Maharashtra,A,3.33,210,225000,720,32,99.95,213,55,Technology,98.7,3346,97.9,5480,Increasing: 96.80->97.90->98.70,Medium
537,2024,MHT CET,CAP Round 3,OPEN,Pune University,Home University,Engineering,Information Technology,06155,"G.H. Raisoni College of Engineering and Management, Wagholi, Pune",Private,Pune,Pune,Maharashtra,A,3.0,510,122000,660,37,84.34,39291,100,Technology,82.3,44288,81.5,46567,Increasing: 80.40->81.50->82.30,Medium
538,2022,MHT CET,CAP Round 3,OBC,Mumbai University,Other University,Engineering,Electronics and Telecommunication Engineering,03113,"Rajiv Gandhi Institute of Technology, Andheri, Mumbai",Private,Mumbai,Mumbai,Maharashtra,B++,2.95,485,130000,540,11,78.88,52876,89,Technology,79.1,52374,78.3,54661,Increasing: 79.10->80.20->81.00,Medium
539,2024,MHT CET,CAP Round 3,OBC,Pune University,Other University,Engineering,Electrical Engineering,06277,"Bharati Vidyapeeth College of Engineering, Pune",Private,Pune,Pune,Maharashtra,A+,3.39,250,135000,720,16,83.3,41850,90,Technology,89.7,25921,88.9,27887,Increasing: 87.80->88.90->89.70,Low
540,2023,MHT CET,CAP Round 3,VJNT,Pune University,All India,Engineering,Mechanical Engineering,06290,"NBN Sinhgad School of Engineering, Pune",Private,Pune,Pune,Maharashtra,B+,2.63,630,91000,420,4,57.82,105856,82,Mechanical,65.3,87162,64.2,89565,Increasing: 64.20->65.30->66.10,Low
541,2023,JEE,CAP Round 3,EWS,Mumbai University,All India,Engineering,Civil Engineering,03110,"Atharva College of Engineering, Malad, Mumbai",Private,Mumbai,Mumbai,Maharashtra,B++,2.88,490,137000,600,7,70.57,353960,70,Civil,78.3,260792,77.2,274615,Increasing: 77.20->78.30->79.10,Low
542,2024,JEE,CAP Round 2,VJNT,Mumbai University,Home University,Engineering,Robotics and Automation,03124,"Saraswati College of Engineering, Mumbai Region",Private,Mumbai,Mumbai,Maharashtra,B+,2.66,580,112000,420,7,74.07,312288,64,Technology,74.2,310279,73.4,320548,Increasing: 72.30->73.40->74.20,Medium
543,2022,MHT CET,CAP Round 2,OPEN,Pune University,Other University,Engineering,Mechanical Engineering,06155,"G.H. Raisoni College of Engineering and Management, Wagholi, Pune",Private,Pune,Pune,Maharashtra,A,2.97,510,107000,660,30,73.33,67055,55,Mechanical,77.8,55720,77.0,57702,Increasing: 77.80->78.90->79.70,Low
544,2022,JEE,CAP Round 1,ST,Mumbai University,Home University,Engineering,Cyber Security,03113,"Rajiv Gandhi Institute of Technology, Andheri, Mumbai",Private,Mumbai,Mumbai,Maharashtra,B++,2.96,485,130000,540,4,77.18,274482,88,Technology,76.8,279020,76.0,288889,Increasing: 76.80->77.90->78.70,Medium
545,2022,JEE,CAP Round 1,OPEN,Pune University,Other University,Engineering,Chemical Engineering,06285,"Dhole Patil College of Engineering, Pune",Private,Pune,Pune,Maharashtra,B+,2.71,600,93000,480,24,74.14,311747,55,Science,75.7,293008,74.9,302640,Increasing: 75.70->76.80->77.60,Medium
546,2023,MHT CET,CAP Round 2,OBC,Mumbai University,Other University,Engineering,Computer Engineering,03185,"Vivekanand Education Society's Institute of Technology, Chembur, Mumbai",Private,Mumbai,Mumbai,Maharashtra,A+,3.36,285,155000,720,22,94.69,13687,63,Technology,94.6,13915,93.5,16842,Increasing: 93.50->94.60->95.40,Medium
547,2022,JEE,CAP Round 1,OBC,Pune University,Home University,Engineering,Mechanical Engineering,06275,"Maharashtra Institute of Technology, Pune",Private,Pune,Pune,Maharashtra,A,3.24,230,180000,720,16,96.7,40086,95,Mechanical,90.6,113939,89.8,123520,Increasing: 90.60->91.70->92.50,High
548,2023,MHT CET,CAP Round 1,ST,Pune University,Home University,Engineering,Civil Engineering,06292,"Zeal College of Engineering and Research, Pune",Private,Pune,Pune,Maharashtra,B++,2.82,570,105000,540,7,67.86,80940,71,Civil,64.5,89173,63.4,91566,Increasing: 63.40->64.50->65.30,High
549,2023,JEE,CAP Round 2,ST,Pune University,All India,Engineering,Chemical Engineering,06272,"Pune Institute of Computer Technology, Pune",Private,Pune,Pune,Maharashtra,A+,3.57,101,120000,660,11,93.91,74141,53,Science,88.9,134127,87.8,148045,Increasing: 87.80->88.90->89.70,High
550,2023,JEE,CAP Round 3,OBC,Pune University,Home University,Engineering,Cyber Security,06282,"JSPM Rajarshi Shahu College of Engineering, Tathawade, Pune",Private,Pune,Pune,Maharashtra,A,2.97,420,110000,780,19,86.78,160057,93,Technology,84.7,184308,83.6,197181,Increasing: 83.60->84.70->85.50,Medium
551,2022,MHT CET,CAP Round 3,EWS,Mumbai University,All India,Engineering,Chemical Engineering,03111,"Rizvi College of Engineering, Bandra, Mumbai",Private,Mumbai,Mumbai,Maharashtra,B++,2.85,505,135000,480,5,70.21,74795,67,Science,76.8,58531,76.0,60263,Increasing: 76.80->77.90->78.70,Low
552,2023,MHT CET,CAP Round 2,OBC,Mumbai University,All India,Engineering,Artificial Intelligence and Data Science,03114,"Don Bosco Institute of Technology, Kurla, Mumbai",Private,Mumbai,Mumbai,Maharashtra,B++,2.88,500,123000,480,14,84.35,39533,63,Technology,83.4,41887,82.3,44402,Increasing: 82.30->83.40->84.20,Medium
553,2024,JEE,CAP Round 2,SC,Mumbai University,All India,Engineering,Electrical Engineering,03102,"Sardar Patel Institute of Technology, Mumbai",Private,Mumbai,Mumbai,Maharashtra,A+,3.61,125,180000,600,9,85.7,172091,80,Technology,93.8,74821,93.0,85260,Increasing: 91.90->93.00->93.80,Low
554,2023,MHT CET,CAP Round 2,SC,Pune University,Other University,Engineering,Electrical Engineering,06277,"Bharati Vidyapeeth College of Engineering, Pune",Private,Pune,Pune,Maharashtra,A+,3.39,250,145000,720,4,85.48,36774,72,Technology,85.6,36489,84.5,39152,Increasing: 84.50->85.60->86.40,Medium
555,2024,JEE,CAP Round 2,OPEN,Mumbai University,All India,Engineering,Chemical Engineering,03120,"Terna Engineering College, Mumbai Region",Private,Mumbai,Mumbai,Maharashtra,B+,2.67,550,125000,480,27,84.89,183105,60,Science,79.7,243660,78.9,254703,Increasing: 77.80->78.90->79.70,High
556,2024,JEE,CAP Round 1,OPEN,Pune University,Home University,Engineering,Electrical Engineering,06275,"Maharashtra Institute of Technology, Pune",Private,Pune,Pune,Maharashtra,A,3.25,230,185000,720,34,92.71,89039,95,Technology,97.2,35262,96.4,44230,Increasing: 95.30->96.40->97.20,Low
557,2024,JEE,CAP Round 1,OPEN,Pune University,Other University,Engineering,Electronics and Telecommunication Engineering,06280,"Sinhgad College of Engineering, Vadgaon, Pune",Private,Pune,Pune,Maharashtra,A,3.11,350,130000,900,42,99.51,6169,64,Technology,94.2,70071,93.4,79633,Increasing: 92.30->93.40->94.20,High
558,2023,MHT CET,CAP Round 2,EWS,Pune University,Home University,Engineering,Robotics and Automation,06280,"Sinhgad College of Engineering, Vadgaon, Pune",Private,Pune,Pune,Maharashtra,A,3.1,350,135000,900,15,86.61,33878,75,Technology,87.6,31574,86.5,34189,Increasing: 86.50->87.60->88.40,Medium
559,2023,MHT CET,CAP Round 2,EWS,Mumbai University,All India,Engineering,Civil Engineering,03119,"MGM College of Engineering and Technology, Mumbai Region",Private,Mumbai,Mumbai,Maharashtra,B+,2.75,525,130000,480,8,68.06,80435,57,Civil,76.0,60194,74.9,62984,Increasing: 74.90->76.00->76.80,Low
560,2023,JEE,CAP Round 1,OBC,Pune University,Home University,Engineering,Artificial Intelligence and Data Science,06277,"Bharati Vidyapeeth College of Engineering, Pune",Private,Pune,Pune,Maharashtra,A+,3.39,250,150000,720,20,87.99,145145,89,Technology,95.6,54118,94.5,66298,Increasing: 94.50->95.60->96.40,Low
561,2022,JEE,CAP Round 1,OBC,Mumbai University,Home University,Engineering,Chemical Engineering,03123,"Lokmanya Tilak College of Engineering, Mumbai Region",Private,Mumbai,Mumbai,Maharashtra,A,3.05,435,123000,600,18,73.96,312976,70,Science,82.0,216782,81.2,227236,Increasing: 82.00->83.10->83.90,Low
562,2022,JEE,CAP Round 1,OBC,Pune University,All India,Engineering,Electronics and Telecommunication Engineering,06288,"Genba Sopanrao Moze College of Engineering, Pune",Private,Pune,Pune,Maharashtra,B,2.47,700,85000,360,16,75.33,297576,85,Technology,69.9,361829,69.1,371526,Increasing: 69.90->71.00->71.80,High
563,2023,MHT CET,CAP Round 1,ST,Pune University,Home University,Engineering,Electronics and Telecommunication Engineering,06280,"Sinhgad College of Engineering, Vadgaon, Pune",Private,Pune,Pune,Maharashtra,A,3.07,350,135000,900,5,86.54,33964,82,Technology,81.2,47509,80.1,49851,Increasing: 80.10->81.20->82.00,High
564,2022,MHT CET,CAP Round 2,OBC,Pune University,Home University,Engineering,Mechanical Engineering,06277,"Bharati Vidyapeeth College of Engineering, Pune",Private,Pune,Pune,Maharashtra,A+,3.42,250,145000,720,22,85.83,35594,80,Mechanical,86.1,35286,85.3,37188,Increasing: 86.10->87.20->88.00,Medium
565,2024,MHT CET,CAP Round 1,VJNT,Pune University,Other University,Engineering,Mechanical Engineering,06276,"Army Institute of Technology, Pune",Private,Pune,Pune,Maharashtra,A,3.32,180,190000,480,4,96.34,9572,63,Mechanical,92.7,18846,91.9,20285,Increasing: 90.80->91.90->92.70,High
566,2023,MHT CET,CAP Round 3,ST,Pune University,Other University,Engineering,Electrical Engineering,06283,"Indira College of Engineering and Management, Pune",Private,Pune,Pune,Maharashtra,B++,2.9,520,115000,540,4,69.96,75410,82,Technology,68.4,79160,67.3,82008,Increasing: 67.30->68.40->69.20,Medium
567,2024,MHT CET,CAP Round 1,OPEN,Mumbai University,Other University,Engineering,Robotics and Automation,03122,"Datta Meghe College of Engineering, Mumbai Region",Private,Mumbai,Mumbai,Maharashtra,A,3.04,400,136000,600,29,90.06,25016,89,Technology,91.4,21764,90.6,23738,Increasing: 89.50->90.60->91.40,Medium
568,2023,JEE,CAP Round 3,EWS,Pune University,Other University,Engineering,Electrical Engineering,06277,"Bharati Vidyapeeth College of Engineering, Pune",Private,Pune,Pune,Maharashtra,A+,3.42,250,145000,720,9,97.37,32130,93,Technology,91.1,107942,90.0,120799,Increasing: 90.00->91.10->91.90,High
569,2022,JEE,CAP Round 2,VJNT,Mumbai University,Home University,Engineering,Information Technology,03119,"MGM College of Engineering and Technology, Mumbai Region",Private,Mumbai,Mumbai,Maharashtra,B+,2.72,525,115000,480,5,76.43,284104,87,Technology,77.1,275189,76.3,284599,Increasing: 77.10->78.20->79.00,Medium
570,2022,MHT CET,CAP Round 3,VJNT,Mumbai University,Home University,Engineering,Civil Engineering,03117,"Watumull Institute of Electronics Engineering and Computer Technology, Worli, Mumbai",Private,Mumbai,Mumbai,Maharashtra,B+,2.69,545,128000,360,7,62.31,94578,52,Civil,67.7,81276,66.9,82898,Increasing: 67.70->68.80->69.60,Low
571,2024,MHT CET,CAP Round 2,ST,Pune University,Other University,Engineering,Artificial Intelligence and Data Science,06273,"Vishwakarma Institute of Technology, Bibwewadi, Pune",Private,Pune,Pune,Maharashtra,A++,3.63,151,200000,900,12,84.75,38335,85,Technology,92.4,19019,91.6,21262,Increasing: 90.50->91.60->92.40,Low
572,2022,JEE,CAP Round 2,VJNT,Pune University,All India,Engineering,Electrical Engineering,06279,"Dr. D. Y. Patil Institute of Technology, Pimpri, Pune",Private,Pune,Pune,Maharashtra,A,3.15,260,130000,780,4,83.56,198586,93,Technology,88.1,144520,87.3,153669,Increasing: 88.10->89.20->90.00,Low
573,2023,MHT CET,CAP Round 1,OBC,Pune University,Other University,Engineering,Mechanical Engineering,06146,"MIT Academy of Engineering, Alandi, Pune",Private,Pune,Pune,Maharashtra,A,3.2,310,165000,840,23,88.96,27628,62,Mechanical,88.4,29525,87.3,32053,Increasing: 87.30->88.40->89.20,Medium
574,2023,MHT CET,CAP Round 2,ST,Pune University,Home University,Engineering,Information Technology,06277,"Bharati Vidyapeeth College of Engineering, Pune",Private,Pune,Pune,Maharashtra,A+,3.39,250,135000,720,10,79.16,52419,74,Technology,85.2,37463,84.1,39968,Increasing: 84.10->85.20->86.00,Low
575,2022,JEE,CAP Round 2,SC,Pune University,Other University,Engineering,Robotics and Automation,06275,"Maharashtra Institute of Technology, Pune",Private,Pune,Pune,Maharashtra,A,3.25,230,185000,720,6,80.48,234470,86,Technology,88.5,138295,87.7,148621,Increasing: 88.50->89.60->90.40,Low
576,2024,JEE,CAP Round 3,SC,Mumbai University,All India,Engineering,Artificial Intelligence and Data Science,03113,"Rajiv Gandhi Institute of Technology, Andheri, Mumbai",Private,Mumbai,Mumbai,Maharashtra,B++,2.92,485,135000,540,4,73.65,317023,61,Technology,80.5,234967,79.7,245251,Increasing: 78.60->79.70->80.50,Low
577,2022,JEE,CAP Round 2,OPEN,Mumbai University,All India,Engineering,Chemical Engineering,03117,"Watumull Institute of Electronics Engineering and Computer Technology, Worli, Mumbai",Private,Mumbai,Mumbai,Maharashtra,B+,2.68,545,128000,360,18,72.72,327765,58,Science,78.3,261968,77.5,271621,Increasing: 78.30->79.40->80.20,Low
578,2023,MHT CET,CAP Round 1,OPEN,Pune University,Home University,Engineering,Civil Engineering,06285,"Dhole Patil College of Engineering, Pune",Private,Pune,Pune,Maharashtra,B+,2.7,600,108000,480,27,76.42,59364,50,Civil,73.0,67608,71.9,70460,Increasing: 71.90->73.00->73.80,High
579,2022,MHT CET,CAP Round 2,EWS,Pune University,Home University,Engineering,Artificial Intelligence and Data Science,06146,"MIT Academy of Engineering, Alandi, Pune",Private,Pune,Pune,Maharashtra,A,3.25,310,175000,840,8,95.04,12886,67,Technology,90.7,23514,89.9,25455,Increasing: 90.70->91.80->92.60,High
580,2022,MHT CET,CAP Round 3,EWS,Mumbai University,Other University,Engineering,Robotics and Automation,03117,"Watumull Institute of Electronics Engineering and Computer Technology, Worli, Mumbai",Private,Mumbai,Mumbai,Maharashtra,B+,2.72,545,113000,360,6,72.32,69609,82,Technology,76.5,59119,75.7,60966,Increasing: 76.50->77.60->78.40,Low
581,2024,MHT CET,CAP Round 3,EWS,Mumbai University,Other University,Engineering,Mechanical Engineering,03125,"M.H. Saboo Siddik College of Engineering, Mumbai",Private,Mumbai,Mumbai,Maharashtra,A,2.99,475,127000,420,4,79.64,51209,57,Mechanical,79.7,51161,78.9,53029,Increasing: 77.80->78.90->79.70,Medium
582,2024,MHT CET,CAP Round 1,SC,Pune University,All India,Engineering,Electronics and Telecommunication Engineering,06291,"RMD Sinhgad School of Engineering, Pune",Private,Pune,Pune,Maharashtra,B++,2.79,590,107000,480,8,66.76,83688,75,Technology,72.8,68151,72.0,70362,Increasing: 70.90->72.00->72.80,Low
583,2022,MHT CET,CAP Round 1,OPEN,Pune University,Other University,Engineering,Artificial Intelligence and Data Science,06285,"Dhole Patil College of Engineering, Pune",Private,Pune,Pune,Maharashtra,B+,2.73,600,98000,480,27,71.95,70293,71,Technology,79.7,50962,78.9,52865,Increasing: 79.70->80.80->81.60,Low
584,2022,JEE,CAP Round 2,VJNT,Mumbai University,Home University,Engineering,Electronics and Telecommunication Engineering,03112,"Xavier Institute of Engineering, Mahim, Mumbai",Private,Mumbai,Mumbai,Maharashtra,A,3.04,460,140000,420,8,85.2,178045,60,Technology,79.6,245052,78.8,256068,Increasing: 79.60->80.70->81.50,High
585,2024,MHT CET,CAP Round 1,SC,Mumbai University,Home University,Engineering,Civil Engineering,03104,"K. J. Somaiya College of Engineering, Mumbai",Private,Mumbai,Mumbai,Maharashtra,A,3.32,210,225000,720,5,86.79,33209,83,Civil,87.8,30539,87.0,32821,Increasing: 85.90->87.00->87.80,Medium
586,2024,MHT CET,CAP Round 2,OPEN,Mumbai University,Home University,Engineering,Civil Engineering,03117,"Watumull Institute of Electronics Engineering and Computer Technology, Worli, Mumbai",Private,Mumbai,Mumbai,Maharashtra,B+,2.68,545,123000,360,13,80.31,49734,63,Civil,75.8,60952,75.0,62884,Increasing: 73.90->75.00->75.80,High
587,2023,JEE,CAP Round 2,OBC,Pune University,All India,Engineering,Computer Engineering,06289,"TSSM's Bhivarabai Sawant College of Engineering and Research, Pune",Private,Pune,Pune,Maharashtra,B+,2.7,610,103000,480,11,73.4,320062,90,Technology,76.7,281293,75.6,293750,Increasing: 75.60->76.70->77.50,Low
588,2023,JEE,CAP Round 1,ST,Pune University,All India,Engineering,Robotics and Automation,06290,"NBN Sinhgad School of Engineering, Pune",Private,Pune,Pune,Maharashtra,B+,2.62,630,91000,420,10,64.08,431139,91,Technology,67.7,388742,66.6,401330,Increasing: 66.60->67.70->68.50,Low
589,2022,JEE,CAP Round 1,OPEN,Pune University,All India,Engineering,Computer Engineering,06146,"MIT Academy of Engineering, Alandi, Pune",Private,Pune,Pune,Maharashtra,A,3.25,310,175000,840,37,93.77,75906,73,Technology,97.6,30332,96.8,39015,Increasing: 97.60->98.70->99.50,Low
590,2024,JEE,CAP Round 2,OPEN,Mumbai University,All India,Engineering,Artificial Intelligence and Data Science,03113,"Rajiv Gandhi Institute of Technology, Andheri, Mumbai",Private,Mumbai,Mumbai,Maharashtra,B++,2.92,485,135000,540,21,84.8,182857,73,Technology,89.2,130881,88.4,140684,Increasing: 87.30->88.40->89.20,Low
591,2022,JEE,CAP Round 2,ST,Pune University,All India,Engineering,Mechanical Engineering,06292,"Zeal College of Engineering and Research, Pune",Private,Pune,Pune,Maharashtra,B++,2.79,570,110000,540,10,64.35,428773,74,Mechanical,65.4,416289,64.6,426491,Increasing: 65.40->66.50->67.30,Medium
592,2024,MHT CET,CAP Round 2,EWS,Pune University,Other University,Engineering,Mechanical Engineering,06146,"MIT Academy of Engineering, Alandi, Pune",Private,Pune,Pune,Maharashtra,A,3.2,310,160000,840,11,91.31,21819,68,Mechanical,88.4,29086,87.6,31407,Increasing: 86.50->87.60->88.40,High
593,2024,MHT CET,CAP Round 1,EWS,Mumbai University,Other University,Engineering,Electrical Engineering,03183,"Anjuman-I-Islam's M.H. Saboo Siddik College of Engineering, Byculla, Mumbai",Private,Mumbai,Mumbai,Maharashtra,A,3.07,450,135000,540,11,91.07,22712,85,Technology,86.1,35090,85.3,37096,Increasing: 84.20->85.30->86.10,High
594,2024,MHT CET,CAP Round 1,OPEN,Mumbai University,All India,Engineering,Mechanical Engineering,03123,"Lokmanya Tilak College of Engineering, Mumbai Region",Private,Mumbai,Mumbai,Maharashtra,A,3.04,435,133000,600,24,93.41,16789,67,Mechanical,87.3,32345,86.5,33833,Increasing: 85.40->86.50->87.30,High
595,2022,JEE,CAP Round 3,OBC,Pune University,All India,Engineering,Computer Engineering,06278,"All India Shri Shivaji Memorial Society's College of Engineering, Pune",Private,Pune,Pune,Maharashtra,A+,3.37,320,142000,720,16,90.63,112706,80,Technology,90.9,109527,90.1,119368,Increasing: 90.90->92.00->92.80,Medium
596,2024,MHT CET,CAP Round 3,ST,Mumbai University,All India,Engineering,Electrical Engineering,03102,"Sardar Patel Institute of Technology, Mumbai",Private,Mumbai,Mumbai,Maharashtra,A+,3.57,125,180000,600,4,85.89,35330,72,Technology,89.1,27808,88.3,29684,Increasing: 87.20->88.30->89.10,Low
597,2022,MHT CET,CAP Round 3,ST,Pune University,Other University,Engineering,Chemical Engineering,06732,"Ajeenkya DY Patil School of Engineering, Lohegaon, Pune",Private,Pune,Pune,Maharashtra,B++,2.84,540,125000,600,6,62.02,95343,67,Science,64.5,89103,63.7,90970,Increasing: 64.50->65.60->66.40,Medium
598,2024,MHT CET,CAP Round 3,VJNT,Pune University,All India,Engineering,Computer Engineering,06288,"Genba Sopanrao Moze College of Engineering, Pune",Private,Pune,Pune,Maharashtra,B,2.46,700,95000,360,4,64.82,88329,81,Technology,68.3,79679,67.5,81420,Increasing: 66.40->67.50->68.30,Low
599,2022,JEE,CAP Round 2,ST,Mumbai University,Other University,Engineering,Artificial Intelligence and Data Science,03124,"Saraswati College of Engineering, Mumbai Region",Private,Mumbai,Mumbai,Maharashtra,B+,2.65,580,117000,420,9,68.44,379576,86,Technology,70.7,352565,69.9,362167,Increasing: 70.70->71.80->72.60,Medium
600,2022,MHT CET,CAP Round 2,SC,Pune University,Home University,Engineering,Electrical Engineering,06276,"Army Institute of Technology, Pune",Private,Pune,Pune,Maharashtra,A,3.3,180,180000,480,4,90.02,25541,67,Technology,86.8,33534,86.0,35285,Increasing: 86.80->87.90->88.70,High
601,2022,MHT CET,CAP Round 2,OBC,Pune University,All India,Engineering,Chemical Engineering,06272,"Pune Institute of Computer Technology, Pune",Private,Pune,Pune,Maharashtra,A+,3.55,101,135000,660,25,99.83,769,83,Science,93.8,15821,93.0,17955,Increasing: 93.80->94.90->95.70,High
602,2024,JEE,CAP Round 2,OPEN,Mumbai University,Other University,Engineering,Electronics and Telecommunication Engineering,03125,"M.H. Saboo Siddik College of Engineering, Mumbai",Private,Mumbai,Mumbai,Maharashtra,A,3.02,475,127000,420,25,80.18,238001,91,Technology,86.7,160597,85.9,170914,Increasing: 84.80->85.90->86.70,Low
603,2024,MHT CET,CAP Round 3,ST,Mumbai University,Home University,Engineering,Electronics and Telecommunication Engineering,03119,"MGM College of Engineering and Technology, Mumbai Region",Private,Mumbai,Mumbai,Maharashtra,B+,2.73,525,130000,480,4,68.52,78972,68,Technology,69.8,75869,69.0,78075,Increasing: 67.90->69.00->69.80,Medium
604,2022,MHT CET,CAP Round 1,OPEN,Pune University,Home University,Engineering,Mechanical Engineering,06276,"Army Institute of Technology, Pune",Private,Pune,Pune,Maharashtra,A,3.29,180,180000,480,24,99.95,341,82,Mechanical,94.6,13532,93.8,15536,Increasing: 94.60->95.70->96.50,High
605,2023,JEE,CAP Round 2,SC,Mumbai University,Home University,Engineering,Computer Engineering,03113,"Rajiv Gandhi Institute of Technology, Andheri, Mumbai",Private,Mumbai,Mumbai,Maharashtra,B++,2.94,485,120000,540,9,78.71,256962,81,Technology,79.4,247652,78.3,260492,Increasing: 78.30->79.40->80.20,Medium
606,2024,JEE,CAP Round 1,ST,Pune University,Other University,Engineering,Electrical Engineering,06274,"MIT World Peace University School of Engineering, Pune",Private,Pune,Pune,Maharashtra,A+,3.47,199,270000,840,11,81.78,219511,95,Technology,89.4,128890,88.6,137380,Increasing: 87.50->88.60->89.40,Low
607,2023,JEE,CAP Round 3,EWS,Mumbai University,Home University,Engineering,Cyber Security,03103,"Dwarkadas J. Sanghvi College of Engineering, Mumbai",Private,Mumbai,Mumbai,Maharashtra,A+,3.53,160,205000,720,8,96.09,47082,70,Technology,98.1,23022,97.0,36396,Increasing: 97.00->98.10->98.90,Medium
608,2024,MHT CET,CAP Round 2,SC,Pune University,Home University,Engineering,Chemical Engineering,06139,"Progressive Education Society's Modern College of Engineering, Pune",Private,Pune,Pune,Maharashtra,A,3.07,390,128000,660,5,78.33,54697,63,Science,77.9,55732,77.1,57290,Increasing: 76.00->77.10->77.90,Medium
609,2023,JEE,CAP Round 3,OPEN,Pune University,Home University,Engineering,Civil Engineering,06291,"RMD Sinhgad School of Engineering, Pune",Private,Pune,Pune,Maharashtra,B++,2.78,590,97000,480,29,72.97,325432,73,Civil,71.3,345450,70.2,357869,Increasing: 70.20->71.30->72.10,Medium
610,2024,MHT CET,CAP Round 1,EWS,Mumbai University,Other University,Engineering,Artificial Intelligence and Data Science,03103,"Dwarkadas J. Sanghvi College of Engineering, Mumbai",Private,Mumbai,Mumbai,Maharashtra,A+,3.49,160,205000,720,15,98.07,5106,83,Technology,99.95,303,99.95,494,Stable: 99.95->99.95->99.95,Medium
611,2023,JEE,CAP Round 1,ST,Mumbai University,Home University,Engineering,Mechanical Engineering,03103,"Dwarkadas J. Sanghvi College of Engineering, Mumbai",Private,Mumbai,Mumbai,Maharashtra,A+,3.52,160,215000,720,4,92.38,91684,71,Mechanical,88.4,140379,87.3,153629,Increasing: 87.30->88.40->89.20,High
612,2024,JEE,CAP Round 1,OPEN,Pune University,Home University,Engineering,Civil Engineering,06285,"Dhole Patil College of Engineering, Pune",Private,Pune,Pune,Maharashtra,B+,2.7,600,103000,480,20,69.19,371336,75,Civil,74.8,302679,74.0,313574,Increasing: 72.90->74.00->74.80,Low
613,2022,JEE,CAP Round 2,ST,Pune University,Home University,Engineering,Civil Engineering,06278,"All India Shri Shivaji Memorial Society's College of Engineering, Pune",Private,Pune,Pune,Maharashtra,A+,3.36,320,132000,720,11,80.92,230291,67,Civil,76.4,283509,75.6,293067,Increasing: 76.40->77.50->78.30,High
614,2022,MHT CET,CAP Round 3,OPEN,Pune University,All India,Engineering,Chemical Engineering,06175,"Pimpri Chinchwad College of Engineering, Pune",Private,Pune,Pune,Maharashtra,A++,3.62,220,155000,960,41,88.29,29802,70,Science,92.1,20292,91.3,22249,Increasing: 92.10->93.20->94.00,Low
615,2024,MHT CET,CAP Round 1,VJNT,Mumbai University,Other University,Engineering,Civil Engineering,03117,"Watumull Institute of Electronics Engineering and Computer Technology, Worli, Mumbai",Private,Mumbai,Mumbai,Maharashtra,B+,2.7,545,128000,360,5,75.66,61000,69,Civil,74.0,65283,73.2,67490,Increasing: 72.10->73.20->74.00,Medium
616,2022,JEE,CAP Round 2,ST,Mumbai University,All India,Engineering,Civil Engineering,03113,"Rajiv Gandhi Institute of Technology, Andheri, Mumbai",Private,Mumbai,Mumbai,Maharashtra,B++,2.93,485,135000,540,4,69.36,368723,58,Civil,70.7,352507,69.9,362127,Increasing: 70.70->71.80->72.60,Medium
617,2024,MHT CET,CAP Round 2,EWS,Pune University,Other University,Engineering,Computer Engineering,06155,"G.H. Raisoni College of Engineering and Management, Wagholi, Pune",Private,Pune,Pune,Maharashtra,A,2.99,510,117000,660,6,75.35,61818,85,Technology,83.6,41242,82.8,43158,Increasing: 81.70->82.80->83.60,Low
618,2022,JEE,CAP Round 2,ST,Mumbai University,Home University,Engineering,Robotics and Automation,03110,"Atharva College of Engineering, Malad, Mumbai",Private,Mumbai,Mumbai,Maharashtra,B++,2.88,490,142000,600,6,77.89,265713,68,Technology,72.8,327552,72.0,336595,Increasing: 72.80->73.90->74.70,High
619,2023,JEE,CAP Round 1,OBC,Pune University,Other University,Engineering,Civil Engineering,06732,"Ajeenkya DY Patil School of Engineering, Lohegaon, Pune",Private,Pune,Pune,Maharashtra,B++,2.85,540,125000,600,19,73.9,313419,79,Civil,75.2,298522,74.1,311032,Increasing: 74.10->75.20->76.00,Medium
620,2022,MHT CET,CAP Round 1,OBC,Pune University,All India,Engineering,Electrical Engineering,06274,"MIT World Peace University School of Engineering, Pune",Private,Pune,Pune,Maharashtra,A+,3.41,199,280000,840,26,90.88,22867,80,Technology,94.1,15332,93.3,17043,Increasing: 94.10->95.20->96.00,Low
621,2023,MHT CET,CAP Round 2,SC,Mumbai University,Other University,Engineering,Computer Engineering,03103,"Dwarkadas J. Sanghvi College of Engineering, Mumbai",Private,Mumbai,Mumbai,Maharashtra,A+,3.54,160,205000,720,13,94.51,14212,77,Technology,94.8,13523,93.7,16201,Increasing: 93.70->94.80->95.60,Medium
622,2023,JEE,CAP Round 1,OPEN,Pune University,Home University,Engineering,Mechanical Engineering,06206,"Pune District Education Association's College of Engineering, Pune",Private,Pune,Pune,Maharashtra,B++,2.79,560,100000,420,23,70.76,351758,83,Mechanical,77.2,273794,76.1,286921,Increasing: 76.10->77.20->78.00,Low
623,2022,MHT CET,CAP Round 1,OPEN,Pune University,Other University,Engineering,Civil Engineering,06276,"Army Institute of Technology, Pune",Private,Pune,Pune,Maharashtra,A,3.31,180,185000,480,23,88.07,30345,71,Civil,94.6,14090,93.8,15951,Increasing: 94.60->95.70->96.50,Low
624,2022,MHT CET,CAP Round 1,ST,Pune University,Home University,Engineering,Computer Engineering,06146,"MIT Academy of Engineering, Alandi, Pune",Private,Pune,Pune,Maharashtra,A,3.23,310,160000,840,11,78.29,54388,73,Technology,84.8,38351,84.0,40451,Increasing: 84.80->85.90->86.70,Low
625,2023,MHT CET,CAP Round 1,SC,Pune University,Other University,Engineering,Electronics and Telecommunication Engineering,06282,"JSPM Rajarshi Shahu College of Engineering, Tathawade, Pune",Private,Pune,Pune,Maharashtra,A,2.99,420,110000,780,15,75.88,60432,97,Technology,81.9,45282,80.8,48377,Increasing: 80.80->81.90->82.70,Low
626,2022,JEE,CAP Round 2,VJNT,Mumbai University,Home University,Engineering,Computer Engineering,03119,"MGM College of Engineering and Technology, Mumbai Region",Private,Mumbai,Mumbai,Maharashtra,B+,2.77,525,125000,480,9,84.26,190402,83,Technology,77.8,267258,77.0,277027,Increasing: 77.80->78.90->79.70,High
627,2024,JEE,CAP Round 1,OBC,Mumbai University,All India,Engineering,Cyber Security,03118,"SIES Graduate School of Technology, Mumbai Region",Private,Mumbai,Mumbai,Maharashtra,A,3.12,375,147000,600,17,96.61,40990,71,Technology,92.5,91164,91.7,101329,Increasing: 90.60->91.70->92.50,High
628,2024,MHT CET,CAP Round 3,OBC,Pune University,Home University,Engineering,Electronics and Telecommunication Engineering,06275,"Maharashtra Institute of Technology, Pune",Private,Pune,Pune,Maharashtra,A,3.24,230,180000,720,23,94.35,14331,79,Technology,91.3,22258,90.5,23952,Increasing: 89.40->90.50->91.30,High
629,2023,MHT CET,CAP Round 2,SC,Pune University,Home University,Engineering,Civil Engineering,06283,"Indira College of Engineering and Management, Pune",Private,Pune,Pune,Maharashtra,B++,2.88,520,110000,540,8,63.88,90341,89,Civil,68.0,80023,66.9,82920,Increasing: 66.90->68.00->68.80,Low
630,2023,MHT CET,CAP Round 3,EWS,Pune University,Other University,Engineering,Mechanical Engineering,06279,"Dr. D. Y. Patil Institute of Technology, Pimpri, Pune",Private,Pune,Pune,Maharashtra,A,3.21,260,145000,780,15,83.99,40197,68,Mechanical,87.9,30435,86.8,33323,Increasing: 86.80->87.90->88.70,Low
631,2024,MHT CET,CAP Round 1,OPEN,Pune University,Home University,Engineering,Computer Engineering,06277,"Bharati Vidyapeeth College of Engineering, Pune",Private,Pune,Pune,Maharashtra,A+,3.4,250,140000,720,31,92.05,20262,84,Technology,98.7,3503,97.9,5748,Increasing: 96.80->97.90->98.70,Low
632,2022,JEE,CAP Round 2,SC,Pune University,Home University,Engineering,Electronics and Telecommunication Engineering,06325,"Alard College of Engineering and Management, Pune",Private,Pune,Pune,Maharashtra,B+,2.68,620,105000,420,8,64.55,425692,60,Technology,66.1,407803,65.3,417060,Increasing: 66.10->67.20->68.00,Medium
633,2023,MHT CET,CAP Round 2,EWS,Pune University,Other University,Engineering,Information Technology,06274,"MIT World Peace University School of Engineering, Pune",Private,Pune,Pune,Maharashtra,A+,3.45,199,280000,840,15,95.59,11231,95,Technology,97.1,7577,96.0,10118,Increasing: 96.00->97.10->97.90,Medium
634,2023,MHT CET,CAP Round 3,OBC,Pune University,All India,Engineering,Chemical Engineering,06206,"Pune District Education Association's College of Engineering, Pune",Private,Pune,Pune,Maharashtra,B++,2.84,560,95000,420,13,70.48,74106,63,Science,72.2,69859,71.1,72541,Increasing: 71.10->72.20->73.00,Medium
635,2022,JEE,CAP Round 2,OBC,Mumbai University,Other University,Engineering,Mechanical Engineering,03121,"Pillai College of Engineering, Mumbai Region",Private,Mumbai,Mumbai,Maharashtra,A,3.09,410,148000,660,17,81.59,221653,65,Mechanical,81.8,219908,81.0,228386,Increasing: 81.80->82.90->83.70,Medium
636,2024,JEE,CAP Round 2,EWS,Mumbai University,Home University,Engineering,Robotics and Automation,03118,"SIES Graduate School of Technology, Mumbai Region",Private,Mumbai,Mumbai,Maharashtra,A,3.09,375,137000,600,13,94.22,69801,72,Technology,88.4,140458,87.6,150585,Increasing: 86.50->87.60->88.40,High
637,2022,MHT CET,CAP Round 1,EWS,Pune University,Home University,Engineering,Electrical Engineering,06290,"NBN Sinhgad School of Engineering, Pune",Private,Pune,Pune,Maharashtra,B+,2.63,630,101000,420,10,69.13,77196,71,Technology,70.5,74293,69.7,76067,Increasing: 70.50->71.60->72.40,Medium
638,2022,JEE,CAP Round 1,SC,Pune University,Home University,Engineering,Artificial Intelligence and Data Science,06274,"MIT World Peace University School of Engineering, Pune",Private,Pune,Pune,Maharashtra,A+,3.43,199,285000,840,5,90.55,114547,81,Technology,92.5,90218,91.7,101378,Increasing: 92.50->93.60->94.40,Medium
639,2024,MHT CET,CAP Round 1,OPEN,Mumbai University,Other University,Engineering,Information Technology,03184,"Fr. Conceicao Rodrigues College of Engineering, Bandra, Mumbai",Private,Mumbai,Mumbai,Maharashtra,A,3.18,270,160000,600,28,99.95,391,69,Technology,99.95,177,99.6,1477,Increasing: 98.50->99.60->99.95,Medium
640,2022,JEE,CAP Round 3,SC,Pune University,Home University,Engineering,Artificial Intelligence and Data Science,06290,"NBN Sinhgad School of Engineering, Pune",Private,Pune,Pune,Maharashtra,B+,2.65,630,101000,420,12,61.49,462993,83,Technology,66.3,405921,65.5,414261,Increasing: 66.30->67.40->68.20,Low
641,2023,JEE,CAP Round 1,OPEN,Pune University,Home University,Engineering,Electronics and Telecommunication Engineering,06282,"JSPM Rajarshi Shahu College of Engineering, Tathawade, Pune",Private,Pune,Pune,Maharashtra,A,3.01,420,125000,780,37,89.94,121281,58,Technology,89.2,130023,88.1,144080,Increasing: 88.10->89.20->90.00,Medium
642,2024,MHT CET,CAP Round 3,SC,Pune University,Other University,Engineering,Robotics and Automation,06278,"All India Shri Shivaji Memorial Society's College of Engineering, Pune",Private,Pune,Pune,Maharashtra,A+,3.37,320,132000,720,7,80.57,48648,94,Technology,84.2,40002,83.4,41966,Increasing: 82.30->83.40->84.20,Low
643,2024,MHT CET,CAP Round 1,OPEN,Mumbai University,Home University,Engineering,Civil Engineering,03148,"Shah & Anchor Kutchhi Engineering College, Chembur, Mumbai",Private,Mumbai,Mumbai,Maharashtra,A,3.09,385,145000,600,27,87.88,30580,74,Civil,86.3,34558,85.5,36686,Increasing: 84.40->85.50->86.30,Medium
644,2024,JEE,CAP Round 1,ST,Mumbai University,Other University,Engineering,Civil Engineering,03113,"Rajiv Gandhi Institute of Technology, Andheri, Mumbai",Private,Mumbai,Mumbai,Maharashtra,B++,2.97,485,120000,540,7,75.1,300330,67,Civil,74.0,312328,73.2,322451,Increasing: 72.10->73.20->74.00,Medium
645,2022,JEE,CAP Round 1,ST,Mumbai University,Home University,Engineering,Electronics and Telecommunication Engineering,03120,"Terna Engineering College, Mumbai Region",Private,Mumbai,Mumbai,Maharashtra,B+,2.67,550,115000,480,4,64.36,428614,92,Technology,70.6,354273,69.8,362467,Increasing: 70.60->71.70->72.50,Low
646,2023,MHT CET,CAP Round 3,EWS,Mumbai University,All India,Engineering,Computer Engineering,03104,"K. J. Somaiya College of Engineering, Mumbai",Private,Mumbai,Mumbai,Maharashtra,A,3.31,210,215000,720,8,99.95,648,78,Technology,98.2,4529,97.1,7504,Increasing: 97.10->98.20->99.00,Medium
647,2022,MHT CET,CAP Round 3,EWS,Mumbai University,All India,Engineering,Civil Engineering,03123,"Lokmanya Tilak College of Engineering, Mumbai Region",Private,Mumbai,Mumbai,Maharashtra,A,3.05,435,138000,600,5,82.52,43815,84,Civil,79.2,52080,78.4,54589,Increasing: 79.20->80.30->81.10,High
648,2023,JEE,CAP Round 2,OPEN,Pune University,All India,Engineering,Artificial Intelligence and Data Science,06732,"Ajeenkya DY Patil School of Engineering, Lohegaon, Pune",Private,Pune,Pune,Maharashtra,B++,2.86,540,130000,600,28,77.01,276416,60,Technology,83.4,199545,82.3,213205,Increasing: 82.30->83.40->84.20,Low
649,2022,MHT CET,CAP Round 3,SC,Mumbai University,Other University,Engineering,Artificial Intelligence and Data Science,03114,"Don Bosco Institute of Technology, Kurla, Mumbai",Private,Mumbai,Mumbai,Maharashtra,B++,2.85,500,128000,480,10,75.83,60733,84,Technology,76.0,60231,75.2,62261,Increasing: 76.00->77.10->77.90,Medium
650,2023,JEE,CAP Round 3,OPEN,Pune University,All India,Engineering,Robotics and Automation,06175,"Pimpri Chinchwad College of Engineering, Pune",Private,Pune,Pune,Maharashtra,A++,3.63,220,155000,960,47,93.16,83610,71,Technology,97.0,37228,95.9,49591,Increasing: 95.90->97.00->97.80,Low
651,2022,MHT CET,CAP Round 1,OBC,Mumbai University,All India,Engineering,Mechanical Engineering,03182,"Thadomal Shahani Engineering College, Bandra, Mumbai",Private,Mumbai,Mumbai,Maharashtra,A,3.29,225,180000,660,19,86.38,34381,70,Mechanical,92.7,18552,91.9,20542,Increasing: 92.70->93.80->94.60,Low
652,2023,JEE,CAP Round 3,OPEN,Pune University,Other University,Engineering,Chemical Engineering,06279,"Dr. D. Y. Patil Institute of Technology, Pimpri, Pune",Private,Pune,Pune,Maharashtra,A,3.15,260,130000,780,35,90.63,113384,60,Science,91.1,107244,90.0,120696,Increasing: 90.00->91.10->91.90,Medium
653,2022,MHT CET,CAP Round 1,SC,Mumbai University,Other University,Engineering,Civil Engineering,03184,"Fr. Conceicao Rodrigues College of Engineering, Bandra, Mumbai",Private,Mumbai,Mumbai,Maharashtra,A,3.21,270,160000,600,5,82.83,43334,60,Civil,84.8,38416,84.0,40166,Increasing: 84.80->85.90->86.70,Medium
654,2022,MHT CET,CAP Round 1,SC,Pune University,Other University,Engineering,Electrical Engineering,06283,"Indira College of Engineering and Management, Pune",Private,Pune,Pune,Maharashtra,B++,2.93,520,105000,540,13,76.67,58476,68,Technology,73.0,67636,72.2,69994,Increasing: 73.00->74.10->74.90,High
655,2022,MHT CET,CAP Round 1,VJNT,Pune University,Other University,Engineering,Chemical Engineering,06732,"Ajeenkya DY Patil School of Engineering, Lohegaon, Pune",Private,Pune,Pune,Maharashtra,B++,2.83,540,120000,600,4,72.49,69184,53,Science,72.7,68336,71.9,70776,Increasing: 72.70->73.80->74.60,Medium
656,2022,JEE,CAP Round 2,OPEN,Mumbai University,Home University,Engineering,Robotics and Automation,03112,"Xavier Institute of Engineering, Mahim, Mumbai",Private,Mumbai,Mumbai,Maharashtra,A,3.05,460,145000,420,16,77.02,277439,56,Technology,84.8,183805,84.0,193561,Increasing: 84.80->85.90->86.70,Low
657,2022,MHT CET,CAP Round 1,ST,Mumbai University,Home University,Engineering,Cyber Security,03118,"SIES Graduate School of Technology, Mumbai Region",Private,Mumbai,Mumbai,Maharashtra,A,3.12,375,142000,600,8,75.03,62624,85,Technology,80.8,48070,80.0,50212,Increasing: 80.80->81.90->82.70,Low
658,2024,MHT CET,CAP Round 1,OBC,Mumbai University,All India,Engineering,Robotics and Automation,03139,"Vidyalankar Institute of Technology, Wadala, Mumbai",Private,Mumbai,Mumbai,Maharashtra,A+,3.31,340,160000,720,27,85.1,37695,79,Technology,92.8,18518,92.0,20163,Increasing: 90.90->92.00->92.80,Low
659,2024,JEE,CAP Round 1,SC,Mumbai University,Other University,Engineering,Artificial Intelligence and Data Science,03112,"Xavier Institute of Engineering, Mahim, Mumbai",Private,Mumbai,Mumbai,Maharashtra,A,3.05,460,130000,420,7,89.66,124533,77,Technology,84.6,185578,83.8,195661,Increasing: 82.70->83.80->84.60,High
660,2022,MHT CET,CAP Round 2,OBC,Mumbai University,Home University,Engineering,Electronics and Telecommunication Engineering,03101,"Veermata Jijabai Technological Institute (VJTI), Mumbai",Govt,Mumbai,Mumbai,Maharashtra,A++,3.76,84,80000,720,16,99.95,706,73,Technology,95.9,10740,95.1,12699,Increasing: 95.90->97.00->97.80,High
661,2022,JEE,CAP Round 2,OBC,Mumbai University,Other University,Engineering,Mechanical Engineering,03183,"Anjuman-I-Islam's M.H. Saboo Siddik College of Engineering, Byculla, Mumbai",Private,Mumbai,Mumbai,Maharashtra,A,3.03,450,135000,540,12,76.84,279207,71,Mechanical,80.3,236737,79.5,246436,Increasing: 80.30->81.40->82.20,Low
662,2024,JEE,CAP Round 3,ST,Pune University,All India,Engineering,Robotics and Automation,06272,"Pune Institute of Computer Technology, Pune",Private,Pune,Pune,Maharashtra,A+,3.52,101,135000,660,4,94.62,65508,80,Technology,91.3,104926,90.5,114185,Increasing: 89.40->90.50->91.30,High
663,2024,JEE,CAP Round 1,ST,Mumbai University,Home University,Engineering,Cyber Security,03182,"Thadomal Shahani Engineering College, Bandra, Mumbai",Private,Mumbai,Mumbai,Maharashtra,A,3.26,225,180000,660,7,84.98,181393,75,Technology,91.5,103033,90.7,113315,Increasing: 89.60->90.70->91.50,Low
664,2022,MHT CET,CAP Round 1,EWS,Mumbai University,Other University,Engineering,Artificial Intelligence and Data Science,03114,"Don Bosco Institute of Technology, Kurla, Mumbai",Private,Mumbai,Mumbai,Maharashtra,B++,2.85,500,133000,480,7,77.27,57384,57,Technology,84.9,38083,84.1,39942,Increasing: 84.90->86.00->86.80,Low
665,2022,JEE,CAP Round 1,OBC,Mumbai University,Other University,Engineering,Electronics and Telecommunication Engineering,03120,"Terna Engineering College, Mumbai Region",Private,Mumbai,Mumbai,Maharashtra,B+,2.69,550,110000,480,10,71.65,340406,71,Technology,78.8,256116,78.0,265624,Increasing: 78.80->79.90->80.70,Low
666,2023,JEE,CAP Round 3,OBC,Mumbai University,Home University,Engineering,Cyber Security,03122,"Datta Meghe College of Engineering, Mumbai Region",Private,Mumbai,Mumbai,Maharashtra,A,3.07,400,131000,600,18,81.77,219303,61,Technology,85.7,172931,84.6,185731,Increasing: 84.60->85.70->86.50,Low
667,2024,JEE,CAP Round 1,VJNT,Pune University,Home University,Engineering,Robotics and Automation,06206,"Pune District Education Association's College of Engineering, Pune",Private,Pune,Pune,Maharashtra,B++,2.8,560,100000,420,4,75.1,300149,95,Technology,76.2,287342,75.4,295480,Increasing: 74.30->75.40->76.20,Medium
668,2024,MHT CET,CAP Round 1,EWS,Mumbai University,Home University,Engineering,Computer Engineering,03148,"Shah & Anchor Kutchhi Engineering College, Chembur, Mumbai",Private,Mumbai,Mumbai,Maharashtra,A,3.11,385,135000,600,11,89.02,28031,69,Technology,91.4,21834,90.6,23788,Increasing: 89.50->90.60->91.40,Medium
669,2024,MHT CET,CAP Round 2,VJNT,Mumbai University,All India,Engineering,Civil Engineering,03124,"Saraswati College of Engineering, Mumbai Region",Private,Mumbai,Mumbai,Maharashtra,B+,2.67,580,117000,420,8,69.57,76665,78,Civil,70.6,73853,69.8,75583,Increasing: 68.70->69.80->70.60,Medium
670,2023,MHT CET,CAP Round 3,OBC,Pune University,Home University,Engineering,Artificial Intelligence and Data Science,06292,"Zeal College of Engineering and Research, Pune",Private,Pune,Pune,Maharashtra,B++,2.79,570,105000,540,22,75.7,61202,62,Technology,74.9,63003,73.8,65803,Increasing: 73.80->74.90->75.70,Medium
671,2024,MHT CET,CAP Round 1,OPEN,Mumbai University,Home University,Engineering,Chemical Engineering,03125,"M.H. Saboo Siddik College of Engineering, Mumbai",Private,Mumbai,Mumbai,Maharashtra,A,3.01,475,117000,420,17,78.53,54157,73,Science,83.9,40811,83.1,42461,Increasing: 82.00->83.10->83.90,Low
672,2023,JEE,CAP Round 3,SC,Pune University,Home University,Engineering,Mechanical Engineering,06277,"Bharati Vidyapeeth College of Engineering, Pune",Private,Pune,Pune,Maharashtra,A+,3.4,250,135000,720,11,80.73,232815,74,Mechanical,82.5,210573,81.4,224150,Increasing: 81.40->82.50->83.30,Medium
673,2023,JEE,CAP Round 1,EWS,Pune University,Home University,Engineering,Cyber Security,06288,"Genba Sopanrao Moze College of Engineering, Pune",Private,Pune,Pune,Maharashtra,B,2.47,700,95000,360,10,70.58,354480,99,Technology,72.1,336516,71.0,348543,Increasing: 71.00->72.10->72.90,Medium
674,2023,JEE,CAP Round 1,SC,Mumbai University,Home University,Engineering,Robotics and Automation,03112,"Xavier Institute of Engineering, Mahim, Mumbai",Private,Mumbai,Mumbai,Maharashtra,A,3.03,460,130000,420,12,81.25,226771,88,Technology,80.4,236792,79.3,249688,Increasing: 79.30->80.40->81.20,Medium
675,2022,JEE,CAP Round 3,EWS,Pune University,All India,Engineering,Chemical Engineering,06278,"All India Shri Shivaji Memorial Society's College of Engineering, Pune",Private,Pune,Pune,Maharashtra,A+,3.33,320,137000,720,12,90.07,120608,66,Science,86.8,159615,86.0,168524,Increasing: 86.80->87.90->88.70,High
676,2024,MHT CET,CAP Round 3,OBC,Mumbai University,Home University,Engineering,Cyber Security,03148,"Shah & Anchor Kutchhi Engineering College, Chembur, Mumbai",Private,Mumbai,Mumbai,Maharashtra,A,3.11,385,145000,600,20,80.16,49688,76,Technology,86.0,35450,85.2,37119,Increasing: 84.10->85.20->86.00,Low
677,2022,MHT CET,CAP Round 2,VJNT,Mumbai University,Home University,Engineering,Artificial Intelligence and Data Science,03184,"Fr. Conceicao Rodrigues College of Engineering, Bandra, Mumbai",Private,Mumbai,Mumbai,Maharashtra,A,3.21,270,165000,600,4,87.48,31527,76,Technology,90.7,23847,89.9,25730,Increasing: 90.70->91.80->92.60,Low
678,2022,MHT CET,CAP Round 3,ST,Mumbai University,All India,Engineering,Robotics and Automation,03148,"Shah & Anchor Kutchhi Engineering College, Chembur, Mumbai",Private,Mumbai,Mumbai,Maharashtra,A,3.08,385,145000,600,5,83.51,41526,94,Technology,77.4,56599,76.6,59095,Increasing: 77.40->78.50->79.30,High
679,2024,MHT CET,CAP Round 2,OBC,Pune University,Other University,Engineering,Computer Engineering,06276,"Army Institute of Technology, Pune",Private,Pune,Pune,Maharashtra,A,3.29,180,195000,480,9,99.95,569,71,Technology,98.4,4163,97.6,6356,Increasing: 96.50->97.60->98.40,Medium
680,2023,JEE,CAP Round 2,VJNT,Pune University,Other University,Engineering,Electronics and Telecommunication Engineering,06285,"Dhole Patil College of Engineering, Pune",Private,Pune,Pune,Maharashtra,B+,2.71,600,108000,480,7,64.36,429382,77,Technology,72.4,331739,71.3,345874,Increasing: 71.30->72.40->73.20,Low
681,2023,JEE,CAP Round 1,OPEN,Mumbai University,All India,Engineering,Electrical Engineering,03111,"Rizvi College of Engineering, Bandra, Mumbai",Private,Mumbai,Mumbai,Maharashtra,B++,2.83,505,140000,480,21,83.9,194665,81,Technology,85.2,178385,84.1,192268,Increasing: 84.10->85.20->86.00,Medium
682,2024,MHT CET,CAP Round 3,OBC,Mumbai University,All India,Engineering,Robotics and Automation,03183,"Anjuman-I-Islam's M.H. Saboo Siddik College of Engineering, Byculla, Mumbai",Private,Mumbai,Mumbai,Maharashtra,A,3.06,450,135000,540,16,82.76,43527,83,Technology,83.8,40912,83.0,42967,Increasing: 81.90->83.00->83.80,Medium
683,2023,MHT CET,CAP Round 1,EWS,Pune University,Home University,Engineering,Information Technology,06273,"Vishwakarma Institute of Technology, Bibwewadi, Pune",Private,Pune,Pune,Maharashtra,A++,3.62,151,200000,900,13,99.95,386,91,Technology,99.95,501,99.1,2830,Stable: 99.10->99.95->99.95,Medium
684,2023,JEE,CAP Round 1,OBC,Pune University,Home University,Engineering,Mechanical Engineering,06274,"MIT World Peace University School of Engineering, Pune",Private,Pune,Pune,Maharashtra,A+,3.43,199,270000,840,25,95.17,59215,69,Mechanical,92.7,88156,91.6,102544,Increasing: 91.60->92.70->93.50,Medium
685,2022,MHT CET,CAP Round 1,EWS,Pune University,All India,Engineering,Civil Engineering,06206,"Pune District Education Association's College of Engineering, Pune",Private,Pune,Pune,Maharashtra,B++,2.81,560,85000,420,6,80.17,49988,74,Civil,73.9,65742,73.1,67388,Increasing: 73.90->75.00->75.80,High
686,2024,MHT CET,CAP Round 1,ST,Mumbai University,Home University,Engineering,Cyber Security,03101,"Veermata Jijabai Technological Institute (VJTI), Mumbai",Govt,Mumbai,Mumbai,Maharashtra,A++,3.75,84,85000,720,4,92.52,18818,76,Technology,94.5,14110,93.7,16072,Increasing: 92.60->93.70->94.50,Medium
687,2022,JEE,CAP Round 2,OPEN,Pune University,All India,Engineering,Cyber Security,06271,"COEP Technological University, Pune",Govt,Pune,Pune,Maharashtra,A++,3.77,73,50000,720,33,99.95,1975,78,Technology,99.95,2035,99.95,2326,Stable: 99.95->99.95->99.95,Medium
688,2023,JEE,CAP Round 1,ST,Pune University,Home University,Engineering,Mechanical Engineering,06275,"Maharashtra Institute of Technology, Pune",Private,Pune,Pune,Maharashtra,A,3.28,230,190000,720,5,80.97,229246,82,Mechanical,84.7,183752,83.6,198369,Increasing: 83.60->84.70->85.50,Low
689,2022,JEE,CAP Round 3,OBC,Mumbai University,Home University,Engineering,Artificial Intelligence and Data Science,03113,"Rajiv Gandhi Institute of Technology, Andheri, Mumbai",Private,Mumbai,Mumbai,Maharashtra,B++,2.95,485,130000,540,19,76.03,288046,72,Technology,81.3,226056,80.5,234813,Increasing: 81.30->82.40->83.20,Low
690,2024,MHT CET,CAP Round 3,ST,Pune University,Other University,Engineering,Artificial Intelligence and Data Science,06274,"MIT World Peace University School of Engineering, Pune",Private,Pune,Pune,Maharashtra,A+,3.42,199,275000,840,4,80.79,48413,78,Technology,88.9,28256,88.1,29926,Increasing: 87.00->88.10->88.90,Low
691,2022,MHT CET,CAP Round 1,EWS,Mumbai University,Home University,Engineering,Information Technology,03101,"Veermata Jijabai Technological Institute (VJTI), Mumbai",Govt,Mumbai,Mumbai,Maharashtra,A++,3.75,84,90000,720,12,99.95,416,68,Technology,99.95,627,99.95,616,Stable: 99.95->99.95->99.95,Medium
692,2023,MHT CET,CAP Round 2,SC,Mumbai University,Home University,Engineering,Artificial Intelligence and Data Science,03122,"Datta Meghe College of Engineering, Mumbai Region",Private,Mumbai,Mumbai,Maharashtra,A,3.08,400,141000,600,9,85.94,35597,77,Technology,82.1,45081,81.0,47684,Increasing: 81.00->82.10->82.90,High
693,2022,MHT CET,CAP Round 3,VJNT,Mumbai University,Other University,Engineering,Electronics and Telecommunication Engineering,03123,"Lokmanya Tilak College of Engineering, Mumbai Region",Private,Mumbai,Mumbai,Maharashtra,A,3.0,435,133000,600,4,73.11,67523,92,Technology,79.6,51183,78.8,53354,Increasing: 79.60->80.70->81.50,Low
694,2024,JEE,CAP Round 1,VJNT,Pune University,Home University,Engineering,Mechanical Engineering,06277,"Bharati Vidyapeeth College of Engineering, Pune",Private,Pune,Pune,Maharashtra,A+,3.4,250,140000,720,7,86.28,166289,58,Mechanical,89.0,133195,88.2,142823,Increasing: 87.10->88.20->89.00,Medium
695,2022,JEE,CAP Round 1,VJNT,Mumbai University,All India,Engineering,Electronics and Telecommunication Engineering,03110,"Atharva College of Engineering, Malad, Mumbai",Private,Mumbai,Mumbai,Maharashtra,B++,2.9,490,137000,600,4,77.35,272687,97,Technology,81.4,224516,80.6,234136,Increasing: 81.40->82.50->83.30,Low
696,2022,JEE,CAP Round 1,ST,Mumbai University,All India,Engineering,Mechanical Engineering,03125,"M.H. Saboo Siddik College of Engineering, Mumbai",Private,Mumbai,Mumbai,Maharashtra,A,2.99,475,122000,420,7,73.26,322432,83,Mechanical,74.4,308611,73.6,317903,Increasing: 74.40->75.50->76.30,Medium
697,2022,JEE,CAP Round 1,EWS,Mumbai University,Home University,Engineering,Cyber Security,03183,"Anjuman-I-Islam's M.H. Saboo Siddik College of Engineering, Byculla, Mumbai",Private,Mumbai,Mumbai,Maharashtra,A,3.05,450,130000,540,10,89.45,127430,89,Technology,87.0,156797,86.2,166789,Increasing: 87.00->88.10->88.90,Medium
698,2022,MHT CET,CAP Round 2,ST,Mumbai University,All India,Engineering,Information Technology,03102,"Sardar Patel Institute of Technology, Mumbai",Private,Mumbai,Mumbai,Maharashtra,A+,3.6,125,175000,600,11,88.6,28971,87,Technology,91.7,21298,90.9,23267,Increasing: 91.70->92.80->93.60,Low
699,2023,JEE,CAP Round 1,OPEN,Mumbai University,Other University,Engineering,Computer Engineering,03119,"MGM College of Engineering and Technology, Mumbai Region",Private,Mumbai,Mumbai,Maharashtra,B+,2.72,525,130000,480,29,90.97,108809,59,Technology,87.1,155078,86.0,168317,Increasing: 86.00->87.10->87.90,High
700,2023,JEE,CAP Round 3,VJNT,Pune University,Other University,Engineering,Computer Engineering,06146,"MIT Academy of Engineering, Alandi, Pune",Private,Pune,Pune,Maharashtra,A,3.22,310,170000,840,5,85.66,172194,71,Technology,89.9,121825,88.8,135607,Increasing: 88.80->89.90->90.70,Low
701,2024,MHT CET,CAP Round 1,EWS,Mumbai University,Other University,Engineering,Electrical Engineering,03125,"M.H. Saboo Siddik College of Engineering, Mumbai",Private,Mumbai,Mumbai,Maharashtra,A,2.98,475,122000,420,7,88.76,28205,69,Technology,84.6,38694,83.8,40585,Increasing: 82.70->83.80->84.60,High
702,2023,JEE,CAP Round 1,OBC,Pune University,Home University,Engineering,Electronics and Telecommunication Engineering,06206,"Pune District Education Association's College of Engineering, Pune",Private,Pune,Pune,Maharashtra,B++,2.84,560,90000,420,16,83.04,205271,65,Technology,77.2,274073,76.1,287816,Increasing: 76.10->77.20->78.00,High
703,2024,MHT CET,CAP Round 2,OBC,Pune University,Home University,Engineering,Mechanical Engineering,06274,"MIT World Peace University School of Engineering, Pune",Private,Pune,Pune,Maharashtra,A+,3.47,199,285000,840,24,88.28,29885,60,Mechanical,90.5,24147,89.7,26275,Increasing: 88.60->89.70->90.50,Medium
704,2022,MHT CET,CAP Round 1,OPEN,Mumbai University,All India,Engineering,Chemical Engineering,03111,"Rizvi College of Engineering, Bandra, Mumbai",Private,Mumbai,Mumbai,Maharashtra,B++,2.87,505,140000,480,18,80.3,49509,68,Science,81.8,45570,81.0,47901,Increasing: 81.80->82.90->83.70,Medium
705,2023,JEE,CAP Round 3,OBC,Pune University,Other University,Engineering,Civil Engineering,06278,"All India Shri Shivaji Memorial Society's College of Engineering, Pune",Private,Pune,Pune,Maharashtra,A+,3.37,320,142000,720,25,87.05,156799,88,Civil,84.5,186872,83.4,200914,Increasing: 83.40->84.50->85.30,High
706,2024,MHT CET,CAP Round 3,SC,Pune University,Other University,Engineering,Chemical Engineering,06272,"Pune Institute of Computer Technology, Pune",Private,Pune,Pune,Maharashtra,A+,3.53,101,135000,660,14,94.02,14989,90,Science,89.4,26869,88.6,28547,Increasing: 87.50->88.60->89.40,High
707,2024,MHT CET,CAP Round 3,VJNT,Mumbai University,Home University,Engineering,Cyber Security,03111,"Rizvi College of Engineering, Bandra, Mumbai",Private,Mumbai,Mumbai,Maharashtra,B++,2.85,505,125000,480,7,81.95,45176,75,Technology,78.0,55097,77.2,57060,Increasing: 76.10->77.20->78.00,High
708,2023,MHT CET,CAP Round 3,SC,Mumbai University,Home University,Engineering,Electronics and Telecommunication Engineering,03121,"Pillai College of Engineering, Mumbai Region",Private,Mumbai,Mumbai,Maharashtra,A,3.06,410,148000,660,9,78.68,53747,73,Technology,78.0,55186,76.9,58331,Increasing: 76.90->78.00->78.80,Medium
709,2023,MHT CET,CAP Round 1,SC,Pune University,Home University,Engineering,Cyber Security,06277,"Bharati Vidyapeeth College of Engineering, Pune",Private,Pune,Pune,Maharashtra,A+,3.39,250,135000,720,13,95.1,12458,60,Technology,89.4,26669,88.3,29309,Increasing: 88.30->89.40->90.20,High
710,2022,MHT CET,CAP Round 1,ST,Pune University,Home University,Engineering,Chemical Engineering,06139,"Progressive Education Society's Modern College of Engineering, Pune",Private,Pune,Pune,Maharashtra,A,3.04,390,128000,660,11,77.5,56399,78,Science,75.5,61386,74.7,63661,Increasing: 75.50->76.60->77.40,Medium
711,2024,MHT CET,CAP Round 1,OPEN,Mumbai University,Other University,Engineering,Cyber Security,03117,"Watumull Institute of Electronics Engineering and Computer Technology, Worli, Mumbai",Private,Mumbai,Mumbai,Maharashtra,B+,2.7,545,118000,360,17,90.03,25285,94,Technology,84.9,38186,84.1,39813,Increasing: 83.00->84.10->84.90,High
712,2023,JEE,CAP Round 2,OPEN,Mumbai University,All India,Engineering,Mechanical Engineering,03185,"Vivekanand Education Society's Institute of Technology, Chembur, Mumbai",Private,Mumbai,Mumbai,Maharashtra,A+,3.37,285,160000,720,36,90.92,110679,74,Mechanical,93.5,78531,92.4,92117,Increasing: 92.40->93.50->94.30,Medium
713,2024,MHT CET,CAP Round 1,ST,Pune University,All India,Engineering,Electronics and Telecommunication Engineering,06732,"Ajeenkya DY Patil School of Engineering, Lohegaon, Pune",Private,Pune,Pune,Maharashtra,B++,2.83,540,130000,600,6,68.94,78105,87,Technology,72.8,68501,72.0,70347,Increasing: 70.90->72.00->72.80,Low
714,2024,JEE,CAP Round 2,OPEN,Pune University,All India,Engineering,Mechanical Engineering,06155,"G.H. Raisoni College of Engineering and Management, Wagholi, Pune",Private,Pune,Pune,Maharashtra,A,3.01,510,112000,660,27,86.45,163271,72,Mechanical,81.3,224711,80.5,234753,Increasing: 79.40->80.50->81.30,High
715,2022,JEE,CAP Round 3,SC,Mumbai University,Home University,Engineering,Electrical Engineering,03123,"Lokmanya Tilak College of Engineering, Mumbai Region",Private,Mumbai,Mumbai,Maharashtra,A,3.01,435,128000,600,11,72.39,332143,84,Technology,75.6,293506,74.8,303802,Increasing: 75.60->76.70->77.50,Low
716,2022,JEE,CAP Round 1,SC,Pune University,Other University,Engineering,Information Technology,06139,"Progressive Education Society's Modern College of Engineering, Pune",Private,Pune,Pune,Maharashtra,A,3.06,390,118000,660,5,84.4,187999,82,Technology,84.8,183318,84.0,192887,Increasing: 84.80->85.90->86.70,Medium
717,2024,MHT CET,CAP Round 1,ST,Pune University,All India,Engineering,Cyber Security,06290,"NBN Sinhgad School of Engineering, Pune",Private,Pune,Pune,Maharashtra,B+,2.65,630,101000,420,4,67.84,80721,79,Technology,69.0,77939,68.2,79544,Increasing: 67.10->68.20->69.00,Medium
718,2023,MHT CET,CAP Round 3,EWS,Mumbai University,All India,Engineering,Electronics and Telecommunication Engineering,03124,"Saraswati College of Engineering, Mumbai Region",Private,Mumbai,Mumbai,Maharashtra,B+,2.67,580,107000,420,9,68.62,78867,85,Technology,76.0,60589,74.9,63329,Increasing: 74.90->76.00->76.80,Low
719,2022,JEE,CAP Round 2,EWS,Mumbai University,Home University,Engineering,Cyber Security,03114,"Don Bosco Institute of Technology, Kurla, Mumbai",Private,Mumbai,Mumbai,Maharashtra,B++,2.91,500,138000,480,4,79.13,251004,62,Technology,82.0,216783,81.2,226720,Increasing: 82.00->83.10->83.90,Medium
720,2022,JEE,CAP Round 1,ST,Mumbai University,Home University,Engineering,Information Technology,03185,"Vivekanand Education Society's Institute of Technology, Chembur, Mumbai",Private,Mumbai,Mumbai,Maharashtra,A+,3.33,285,150000,720,7,88.25,141506,83,Technology,87.6,150326,86.8,159250,Increasing: 87.60->88.70->89.50,Medium
721,2024,JEE,CAP Round 3,VJNT,Pune University,All India,Engineering,Electronics and Telecommunication Engineering,06283,"Indira College of Engineering and Management, Pune",Private,Pune,Pune,Maharashtra,B++,2.89,520,100000,540,4,80.04,241273,73,Technology,77.1,275454,76.3,286076,Increasing: 75.20->76.30->77.10,High
722,2023,MHT CET,CAP Round 2,OPEN,Mumbai University,All India,Engineering,Computer Engineering,03182,"Thadomal Shahani Engineering College, Bandra, Mumbai",Private,Mumbai,Mumbai,Maharashtra,A,3.28,225,180000,660,34,93.34,16837,68,Technology,99.95,680,99.4,1915,Stable: 99.40->99.95->99.95,Low
723,2024,MHT CET,CAP Round 2,OPEN,Mumbai University,Other University,Engineering,Robotics and Automation,03183,"Anjuman-I-Islam's M.H. Saboo Siddik College of Engineering, Byculla, Mumbai",Private,Mumbai,Mumbai,Maharashtra,A,3.06,450,125000,540,22,89.14,27546,70,Technology,87.4,32075,86.6,33633,Increasing: 85.50->86.60->87.40,Medium
724,2023,JEE,CAP Round 1,EWS,Mumbai University,Home University,Engineering,Robotics and Automation,03113,"Rajiv Gandhi Institute of Technology, Andheri, Mumbai",Private,Mumbai,Mumbai,Maharashtra,B++,2.93,485,135000,540,7,80.51,235396,77,Technology,84.6,186104,83.5,199040,Increasing: 83.50->84.60->85.40,Low
725,2024,MHT CET,CAP Round 2,OBC,Pune University,Home University,Engineering,Mechanical Engineering,06275,"Maharashtra Institute of Technology, Pune",Private,Pune,Pune,Maharashtra,A,3.23,230,180000,720,27,87.58,31571,75,Mechanical,89.5,26824,88.7,28426,Increasing: 87.60->88.70->89.50,Medium
726,2023,MHT CET,CAP Round 3,VJNT,Mumbai University,All India,Engineering,Information Technology,03120,"Terna Engineering College, Mumbai Region",Private,Mumbai,Mumbai,Maharashtra,B+,2.69,550,115000,480,4,81.52,46531,83,Technology,76.3,59771,75.2,62408,Increasing: 75.20->76.30->77.10,High
727,2023,MHT CET,CAP Round 3,SC,Pune University,Other University,Engineering,Mechanical Engineering,06282,"JSPM Rajarshi Shahu College of Engineering, Tathawade, Pune",Private,Pune,Pune,Maharashtra,A,3.02,420,120000,780,6,72.13,69969,69,Mechanical,75.7,61130,74.6,63677,Increasing: 74.60->75.70->76.50,Low
728,2023,MHT CET,CAP Round 1,EWS,Mumbai University,Home University,Engineering,Electrical Engineering,03148,"Shah & Anchor Kutchhi Engineering College, Chembur, Mumbai",Private,Mumbai,Mumbai,Maharashtra,A,3.09,385,140000,600,7,88.18,30078,81,Technology,86.6,34004,85.5,36513,Increasing: 85.50->86.60->87.40,Medium
729,2023,MHT CET,CAP Round 2,VJNT,Pune University,Home University,Engineering,Information Technology,06732,"Ajeenkya DY Patil School of Engineering, Lohegaon, Pune",Private,Pune,Pune,Maharashtra,B++,2.85,540,120000,600,4,79.47,51829,61,Technology,75.2,62182,74.1,65053,Increasing: 74.10->75.20->76.00,High
730,2022,MHT CET,CAP Round 1,OBC,Mumbai University,Other University,Engineering,Robotics and Automation,03139,"Vidyalankar Institute of Technology, Wadala, Mumbai",Private,Mumbai,Mumbai,Maharashtra,A+,3.31,340,155000,720,19,93.86,15529,62,Technology,90.3,24792,89.5,26763,Increasing: 90.30->91.40->92.20,High
731,2023,JEE,CAP Round 2,OPEN,Mumbai University,All India,Engineering,Cyber Security,03148,"Shah & Anchor Kutchhi Engineering College, Chembur, Mumbai",Private,Mumbai,Mumbai,Maharashtra,A,3.07,385,135000,600,33,97.91,25579,68,Technology,92.2,94817,91.1,108542,Increasing: 91.10->92.20->93.00,High
732,2024,JEE,CAP Round 3,OPEN,Mumbai University,Home University,Engineering,Mechanical Engineering,03113,"Rajiv Gandhi Institute of Technology, Andheri, Mumbai",Private,Mumbai,Mumbai,Maharashtra,B++,2.94,485,130000,540,25,76.07,288761,73,Mechanical,80.8,231613,80.0,240326,Increasing: 78.90->80.00->80.80,Low
733,2022,JEE,CAP Round 1,OPEN,Pune University,Other University,Engineering,Chemical Engineering,06272,"Pune Institute of Computer Technology, Pune",Private,Pune,Pune,Maharashtra,A+,3.56,101,120000,660,31,92.26,94530,73,Science,99.2,10502,98.4,20810,Stable: 99.20->99.95->99.95,Low
734,2022,MHT CET,CAP Round 3,VJNT,Pune University,All India,Engineering,Electronics and Telecommunication Engineering,06290,"NBN Sinhgad School of Engineering, Pune",Private,Pune,Pune,Maharashtra,B+,2.64,630,106000,420,4,68.59,79073,97,Technology,67.2,82222,66.4,84595,Increasing: 67.20->68.30->69.10,Medium
735,2024,MHT CET,CAP Round 3,ST,Pune University,Home University,Engineering,Civil Engineering,06283,"Indira College of Engineering and Management, Pune",Private,Pune,Pune,Maharashtra,B++,2.89,520,110000,540,4,58.96,102719,75,Civil,65.1,87333,64.3,89698,Increasing: 63.20->64.30->65.10,Low
736,2024,MHT CET,CAP Round 3,OPEN,Pune University,Home University,Engineering,Electronics and Telecommunication Engineering,06277,"Bharati Vidyapeeth College of Engineering, Pune",Private,Pune,Pune,Maharashtra,A+,3.41,250,140000,720,36,84.66,38889,86,Technology,92.8,18488,92.0,20548,Increasing: 90.90->92.00->92.80,Low
737,2023,JEE,CAP Round 2,OBC,Mumbai University,Other University,Engineering,Civil Engineering,03120,"Terna Engineering College, Mumbai Region",Private,Mumbai,Mumbai,Maharashtra,B+,2.67,550,120000,480,13,70.23,357297,67,Civil,73.7,316071,72.6,330096,Increasing: 72.60->73.70->74.50,Low
738,2024,MHT CET,CAP Round 2,ST,Mumbai University,Home University,Engineering,Information Technology,03120,"Terna Engineering College, Mumbai Region",Private,Mumbai,Mumbai,Maharashtra,B+,2.66,550,110000,480,9,66.01,85085,79,Technology,71.5,71685,70.7,73343,Increasing: 69.60->70.70->71.50,Low
739,2022,JEE,CAP Round 2,SC,Mumbai University,Home University,Engineering,Robotics and Automation,03148,"Shah & Anchor Kutchhi Engineering College, Chembur, Mumbai",Private,Mumbai,Mumbai,Maharashtra,A,3.06,385,135000,600,7,73.95,313898,89,Technology,80.3,236830,79.5,246733,Increasing: 80.30->81.40->82.20,Low
740,2023,JEE,CAP Round 1,SC,Pune University,Other University,Engineering,Artificial Intelligence and Data Science,06283,"Indira College of Engineering and Management, Pune",Private,Pune,Pune,Maharashtra,B++,2.91,520,115000,540,11,82.1,215014,83,Technology,78.8,254962,77.7,268589,Increasing: 77.70->78.80->79.60,High
741,2024,MHT CET,CAP Round 2,SC,Mumbai University,Other University,Engineering,Computer Engineering,03116,"St. Francis Institute of Technology, Borivali, Mumbai",Private,Mumbai,Mumbai,Maharashtra,A,3.18,360,155000,660,7,93.28,16855,73,Technology,86.9,33041,86.1,35103,Increasing: 85.00->86.10->86.90,High
742,2023,JEE,CAP Round 2,OPEN,Pune University,Other University,Engineering,Information Technology,06155,"G.H. Raisoni College of Engineering and Management, Wagholi, Pune",Private,Pune,Pune,Maharashtra,A,2.99,510,112000,660,26,87.74,147575,69,Technology,84.9,181666,83.8,195319,Increasing: 83.80->84.90->85.70,High
743,2022,MHT CET,CAP Round 1,OBC,Mumbai University,All India,Engineering,Information Technology,03121,"Pillai College of Engineering, Mumbai Region",Private,Mumbai,Mumbai,Maharashtra,A,3.04,410,143000,660,25,92.74,18560,71,Technology,88.4,29255,87.6,31329,Increasing: 88.40->89.50->90.30,High
744,2024,MHT CET,CAP Round 2,SC,Mumbai University,Other University,Engineering,Robotics and Automation,03102,"Sardar Patel Institute of Technology, Mumbai",Private,Mumbai,Mumbai,Maharashtra,A+,3.57,125,175000,600,13,85.26,37159,68,Technology,93.7,15898,92.9,18296,Increasing: 91.80->92.90->93.70,Low
745,2024,JEE,CAP Round 3,SC,Mumbai University,Home University,Engineering,Artificial Intelligence and Data Science,03113,"Rajiv Gandhi Institute of Technology, Andheri, Mumbai",Private,Mumbai,Mumbai,Maharashtra,B++,2.94,485,130000,540,13,80.61,234051,87,Technology,78.7,256342,77.9,266896,Increasing: 76.80->77.90->78.70,Medium
746,2023,MHT CET,CAP Round 1,SC,Mumbai University,Home University,Engineering,Mechanical Engineering,03120,"Terna Engineering College, Mumbai Region",Private,Mumbai,Mumbai,Maharashtra,B+,2.66,550,120000,480,12,66.06,85039,67,Mechanical,70.2,74930,69.1,77586,Increasing: 69.10->70.20->71.00,Low
747,2022,MHT CET,CAP Round 3,ST,Pune University,Home University,Engineering,Information Technology,06292,"Zeal College of Engineering and Research, Pune",Private,Pune,Pune,Maharashtra,B++,2.77,570,105000,540,4,63.62,91431,71,Technology,66.4,84395,65.6,86273,Increasing: 66.40->67.50->68.30,Medium
748,2022,JEE,CAP Round 2,VJNT,Mumbai University,Other University,Engineering,Robotics and Automation,03103,"Dwarkadas J. Sanghvi College of Engineering, Mumbai",Private,Mumbai,Mumbai,Maharashtra,A+,3.51,160,215000,720,4,91.31,105882,68,Technology,94.7,65269,93.9,73428,Increasing: 94.70->95.80->96.60,Low
749,2024,JEE,CAP Round 1,OBC,Pune University,All India,Engineering,Civil Engineering,06274,"MIT World Peace University School of Engineering, Pune",Private,Pune,Pune,Maharashtra,A+,3.43,199,285000,840,27,98.24,21184,59,Civil,94.1,71181,93.3,81818,Increasing: 92.20->93.30->94.10,High
750,2022,MHT CET,CAP Round 1,SC,Pune University,All India,Engineering,Mechanical Engineering,06276,"Army Institute of Technology, Pune",Private,Pune,Pune,Maharashtra,A,3.31,180,195000,480,9,92.27,19877,52,Mechanical,88.9,28282,88.1,30304,Increasing: 88.90->90.00->90.80,High
751,2023,MHT CET,CAP Round 2,VJNT,Pune University,Home University,Engineering,Computer Engineering,06278,"All India Shri Shivaji Memorial Society's College of Engineering, Pune",Private,Pune,Pune,Maharashtra,A+,3.33,320,132000,720,4,94.3,14315,76,Technology,88.4,29119,87.3,32005,Increasing: 87.30->88.40->89.20,High
752,2022,JEE,CAP Round 3,ST,Mumbai University,Other University,Engineering,Mechanical Engineering,03101,"Veermata Jijabai Technological Institute (VJTI), Mumbai",Govt,Mumbai,Mumbai,Maharashtra,A++,3.77,84,95000,720,11,82.66,209162,69,Mechanical,86.9,158717,86.1,168201,Increasing: 86.90->88.00->88.80,Low
753,2024,JEE,CAP Round 3,OPEN,Pune University,All India,Engineering,Cyber Security,06276,"Army Institute of Technology, Pune",Private,Pune,Pune,Maharashtra,A,3.29,180,185000,480,29,99.95,1009,75,Technology,99.95,1464,99.95,1945,Increasing: 98.90->99.95->99.95,Medium
754,2024,MHT CET,CAP Round 2,VJNT,Mumbai University,All India,Engineering,Electrical Engineering,03185,"Vivekanand Education Society's Institute of Technology, Chembur, Mumbai",Private,Mumbai,Mumbai,Maharashtra,A+,3.37,285,150000,720,6,95.31,11939,86,Technology,90.0,25104,89.2,27592,Increasing: 88.10->89.20->90.00,High
755,2022,JEE,CAP Round 2,OPEN,Mumbai University,Home University,Engineering,Information Technology,03139,"Vidyalankar Institute of Technology, Wadala, Mumbai",Private,Mumbai,Mumbai,Maharashtra,A+,3.31,340,155000,720,37,87.21,154624,87,Technology,92.9,86208,92.1,95385,Increasing: 92.90->94.00->94.80,Low
756,2024,JEE,CAP Round 3,SC,Mumbai University,Home University,Engineering,Mechanical Engineering,03183,"Anjuman-I-Islam's M.H. Saboo Siddik College of Engineering, Byculla, Mumbai",Private,Mumbai,Mumbai,Maharashtra,A,3.05,450,130000,540,11,77.8,266675,77,Mechanical,75.3,296849,74.5,307165,Increasing: 73.40->74.50->75.30,High
757,2023,MHT CET,CAP Round 3,OPEN,Pune University,Home University,Engineering,Artificial Intelligence and Data Science,06290,"NBN Sinhgad School of Engineering, Pune",Private,Pune,Pune,Maharashtra,B+,2.61,630,91000,420,26,76.34,59575,83,Technology,73.9,65590,72.8,68514,Increasing: 72.80->73.90->74.70,Medium
758,2023,MHT CET,CAP Round 1,EWS,Pune University,Home University,Engineering,Civil Engineering,06279,"Dr. D. Y. Patil Institute of Technology, Pimpri, Pune",Private,Pune,Pune,Maharashtra,A,3.2,260,140000,780,6,89.45,26793,53,Civil,88.7,28622,87.6,31500,Increasing: 87.60->88.70->89.50,Medium
759,2024,JEE,CAP Round 1,ST,Pune University,Other University,Engineering,Artificial Intelligence and Data Science,06288,"Genba Sopanrao Moze College of Engineering, Pune",Private,Pune,Pune,Maharashtra,B,2.48,700,95000,360,9,72.85,326939,92,Technology,66.6,400958,65.8,410610,Increasing: 64.70->65.80->66.60,High
760,2024,JEE,CAP Round 3,OBC,Pune University,All India,Engineering,Robotics and Automation,06273,"Vishwakarma Institute of Technology, Bibwewadi, Pune",Private,Pune,Pune,Maharashtra,A++,3.62,151,200000,900,23,99.16,11324,83,Technology,97.6,29206,96.8,39079,Increasing: 95.70->96.80->97.60,Medium
761,2022,MHT CET,CAP Round 1,SC,Pune University,Other University,Engineering,Chemical Engineering,06206,"Pune District Education Association's College of Engineering, Pune",Private,Pune,Pune,Maharashtra,B++,2.81,560,95000,420,5,64.19,89831,64,Science,69.2,77261,68.4,79132,Increasing: 69.20->70.30->71.10,Low
762,2023,JEE,CAP Round 2,OPEN,Pune University,All India,Engineering,Robotics and Automation,06290,"NBN Sinhgad School of Engineering, Pune",Private,Pune,Pune,Maharashtra,B+,2.64,630,96000,420,22,75.21,298370,63,Technology,75.7,291666,74.6,305856,Increasing: 74.60->75.70->76.50,Medium
763,2022,MHT CET,CAP Round 2,OBC,Mumbai University,Other University,Engineering,Computer Engineering,03116,"St. Francis Institute of Technology, Borivali, Mumbai",Private,Mumbai,Mumbai,Maharashtra,A,3.14,360,150000,660,24,81.46,46862,75,Technology,89.5,26659,88.7,28761,Increasing: 89.50->90.60->91.40,Low
764,2022,MHT CET,CAP Round 1,VJNT,Pune University,Other University,Engineering,Cyber Security,06732,"Ajeenkya DY Patil School of Engineering, Lohegaon, Pune",Private,Pune,Pune,Maharashtra,B++,2.88,540,125000,600,9,78.3,54356,80,Technology,77.0,57825,76.2,59626,Increasing: 77.00->78.10->78.90,Medium
765,2024,JEE,CAP Round 2,OBC,Pune University,Home University,Engineering,Chemical Engineering,06275,"Maharashtra Institute of Technology, Pune",Private,Pune,Pune,Maharashtra,A,3.22,230,190000,720,26,93.41,79552,62,Science,90.9,110413,90.1,120193,Increasing: 89.00->90.10->90.90,High
766,2023,JEE,CAP Round 2,OBC,Pune University,Other University,Engineering,Artificial Intelligence and Data Science,06283,"Indira College of Engineering and Management, Pune",Private,Pune,Pune,Maharashtra,B++,2.87,520,105000,540,11,82.37,212174,74,Technology,81.3,224831,80.2,239033,Increasing: 80.20->81.30->82.10,Medium
767,2023,JEE,CAP Round 3,EWS,Pune University,All India,Engineering,Information Technology,06285,"Dhole Patil College of Engineering, Pune",Private,Pune,Pune,Maharashtra,B+,2.72,600,103000,480,4,72.52,330269,67,Technology,77.0,277698,75.9,289935,Increasing: 75.90->77.00->77.80,Low
768,2023,MHT CET,CAP Round 2,ST,Mumbai University,Other University,Engineering,Robotics and Automation,03114,"Don Bosco Institute of Technology, Kurla, Mumbai",Private,Mumbai,Mumbai,Maharashtra,B++,2.9,500,138000,480,4,71.88,70580,77,Technology,73.6,66056,72.5,69250,Increasing: 72.50->73.60->74.40,Medium
769,2022,MHT CET,CAP Round 1,ST,Pune University,Home University,Engineering,Information Technology,06278,"All India Shri Shivaji Memorial Society's College of Engineering, Pune",Private,Pune,Pune,Maharashtra,A+,3.34,320,132000,720,7,88.79,28319,85,Technology,83.6,41314,82.8,43489,Increasing: 83.60->84.70->85.50,High
770,2024,JEE,CAP Round 1,OBC,Pune University,Home University,Engineering,Chemical Engineering,06155,"G.H. Raisoni College of Engineering and Management, Wagholi, Pune",Private,Pune,Pune,Maharashtra,A,2.99,510,122000,660,14,70.6,354581,69,Science,78.9,254675,78.1,264250,Increasing: 77.00->78.10->78.90,Low
771,2023,MHT CET,CAP Round 1,SC,Pune University,Home University,Engineering,Mechanical Engineering,06272,"Pune Institute of Computer Technology, Pune",Private,Pune,Pune,Maharashtra,A+,3.53,101,125000,660,4,92.05,20152,63,Mechanical,90.2,24991,89.1,27407,Increasing: 89.10->90.20->91.00,Medium
772,2022,JEE,CAP Round 2,ST,Mumbai University,Home University,Engineering,Mechanical Engineering,03113,"Rajiv Gandhi Institute of Technology, Andheri, Mumbai",Private,Mumbai,Mumbai,Maharashtra,B++,2.92,485,120000,540,5,70.7,352539,76,Mechanical,70.1,358900,69.3,369016,Increasing: 70.10->71.20->72.00,Medium
773,2023,MHT CET,CAP Round 1,SC,Pune University,All India,Engineering,Cyber Security,06280,"Sinhgad College of Engineering, Vadgaon, Pune",Private,Pune,Pune,Maharashtra,A,3.08,350,120000,900,17,90.46,24204,59,Technology,87.2,32209,86.1,35245,Increasing: 86.10->87.20->88.00,High
774,2022,JEE,CAP Round 2,SC,Pune University,Home University,Engineering,Electronics and Telecommunication Engineering,06292,"Zeal College of Engineering and Research, Pune",Private,Pune,Pune,Maharashtra,B++,2.8,570,100000,540,4,70.95,350381,81,Technology,69.1,370883,68.3,380547,Increasing: 69.10->70.20->71.00,Medium
775,2022,MHT CET,CAP Round 3,SC,Mumbai University,All India,Engineering,Computer Engineering,03119,"MGM College of Engineering and Technology, Mumbai Region",Private,Mumbai,Mumbai,Maharashtra,B+,2.74,525,130000,480,11,66.82,83139,69,Technology,74.9,63105,74.1,65072,Increasing: 74.90->76.00->76.80,Low
776,2024,JEE,CAP Round 3,ST,Mumbai University,Home University,Engineering,Cyber Security,03139,"Vidyalankar Institute of Technology, Wadala, Mumbai",Private,Mumbai,Mumbai,Maharashtra,A+,3.32,340,160000,720,4,87.5,150367,73,Technology,83.3,200622,82.5,210483,Increasing: 81.40->82.50->83.30,High
777,2023,MHT CET,CAP Round 2,VJNT,Mumbai University,Other University,Engineering,Mechanical Engineering,03101,"Veermata Jijabai Technological Institute (VJTI), Mumbai",Govt,Mumbai,Mumbai,Maharashtra,A++,3.76,84,80000,720,4,85.71,36235,82,Mechanical,93.2,17459,92.1,20305,Increasing: 92.10->93.20->94.00,Low
778,2024,JEE,CAP Round 1,OPEN,Pune University,Other University,Engineering,Electronics and Telecommunication Engineering,06290,"NBN Sinhgad School of Engineering, Pune",Private,Pune,Pune,Maharashtra,B+,2.63,630,106000,420,19,73.17,322502,81,Technology,77.7,268616,76.9,278156,Increasing: 75.80->76.90->77.70,Low
779,2024,JEE,CAP Round 2,OBC,Pune University,Home University,Engineering,Electrical Engineering,06280,"Sinhgad College of Engineering, Vadgaon, Pune",Private,Pune,Pune,Maharashtra,A,3.11,350,125000,900,27,84.58,186543,71,Technology,86.7,161087,85.9,170025,Increasing: 84.80->85.90->86.70,Medium
780,2022,JEE,CAP Round 2,VJNT,Pune University,Other University,Engineering,Civil Engineering,06732,"Ajeenkya DY Patil School of Engineering, Lohegaon, Pune",Private,Pune,Pune,Maharashtra,B++,2.88,540,120000,600,5,64.76,424463,80,Civil,70.1,359896,69.3,369879,Increasing: 70.10->71.20->72.00,Low
781,2023,MHT CET,CAP Round 1,OPEN,Mumbai University,Home University,Engineering,Chemical Engineering,03102,"Sardar Patel Institute of Technology, Mumbai",Private,Mumbai,Mumbai,Maharashtra,A+,3.58,125,180000,600,29,90.97,22680,65,Science,98.4,4495,97.3,7138,Increasing: 97.30->98.40->99.20,Low
782,2022,JEE,CAP Round 2,ST,Mumbai University,Home University,Engineering,Chemical Engineering,03116,"St. Francis Institute of Technology, Borivali, Mumbai",Private,Mumbai,Mumbai,Maharashtra,A,3.18,360,140000,660,6,69.05,371687,70,Science,77.0,276562,76.2,285916,Increasing: 77.00->78.10->78.90,Low
783,2024,JEE,CAP Round 3,EWS,Pune University,Other University,Engineering,Artificial Intelligence and Data Science,06275,"Maharashtra Institute of Technology, Pune",Private,Pune,Pune,Maharashtra,A,3.25,230,180000,720,9,89.49,126605,60,Technology,97.1,36312,96.3,45595,Increasing: 95.20->96.30->97.10,Low
784,2022,JEE,CAP Round 2,VJNT,Pune University,Home University,Engineering,Electronics and Telecommunication Engineering,06139,"Progressive Education Society's Modern College of Engineering, Pune",Private,Pune,Pune,Maharashtra,A,3.06,390,123000,660,4,75.41,295221,69,Technology,82.1,214902,81.3,225740,Increasing: 82.10->83.20->84.00,Low
785,2022,JEE,CAP Round 2,VJNT,Pune University,Other University,Engineering,Artificial Intelligence and Data Science,06146,"MIT Academy of Engineering, Alandi, Pune",Private,Pune,Pune,Maharashtra,A,3.23,310,175000,840,9,95.38,55665,75,Technology,89.7,124680,88.9,133703,Increasing: 89.70->90.80->91.60,High
786,2023,JEE,CAP Round 2,OBC,Pune University,All India,Engineering,Civil Engineering,06278,"All India Shri Shivaji Memorial Society's College of Engineering, Pune",Private,Pune,Pune,Maharashtra,A+,3.37,320,132000,720,21,79.6,246014,68,Civil,86.3,166109,85.2,179213,Increasing: 85.20->86.30->87.10,Low
787,2023,MHT CET,CAP Round 2,SC,Pune University,All India,Engineering,Electronics and Telecommunication Engineering,06325,"Alard College of Engineering and Management, Pune",Private,Pune,Pune,Maharashtra,B+,2.67,620,100000,420,7,60.76,98189,82,Technology,68.0,80141,66.9,83319,Increasing: 66.90->68.00->68.80,Low
788,2022,JEE,CAP Round 3,ST,Pune University,Home University,Engineering,Information Technology,06277,"Bharati Vidyapeeth College of Engineering, Pune",Private,Pune,Pune,Maharashtra,A+,3.39,250,140000,720,4,83.04,203883,51,Technology,83.9,194054,83.1,204154,Increasing: 83.90->85.00->85.80,Medium
789,2024,MHT CET,CAP Round 3,OPEN,Mumbai University,Other University,Engineering,Mechanical Engineering,03185,"Vivekanand Education Society's Institute of Technology, Chembur, Mumbai",Private,Mumbai,Mumbai,Maharashtra,A+,3.36,285,155000,720,29,95.69,10934,67,Mechanical,91.5,21653,90.7,23595,Increasing: 89.60->90.70->91.50,High
790,2023,MHT CET,CAP Round 1,OPEN,Pune University,All India,Engineering,Artificial Intelligence and Data Science,06288,"Genba Sopanrao Moze College of Engineering, Pune",Private,Pune,Pune,Maharashtra,B,2.47,700,90000,360,19,70.39,74299,84,Technology,75.4,61956,74.3,64355,Increasing: 74.30->75.40->76.20,Low
791,2024,MHT CET,CAP Round 3,EWS,Pune University,Other University,Engineering,Cyber Security,06291,"RMD Sinhgad School of Engineering, Pune",Private,Pune,Pune,Maharashtra,B++,2.77,590,97000,480,10,70.98,72726,85,Technology,76.4,59252,75.6,61107,Increasing: 74.50->75.60->76.40,Low
792,2023,MHT CET,CAP Round 2,OPEN,Mumbai University,Other University,Engineering,Cyber Security,03114,"Don Bosco Institute of Technology, Kurla, Mumbai",Private,Mumbai,Mumbai,Maharashtra,B++,2.85,500,133000,480,20,84.8,38323,63,Technology,85.1,37661,84.0,40031,Increasing: 84.00->85.10->85.90,Medium
793,2022,MHT CET,CAP Round 3,OPEN,Mumbai University,Other University,Engineering,Cyber Security,03117,"Watumull Institute of Electronics Engineering and Computer Technology, Worli, Mumbai",Private,Mumbai,Mumbai,Maharashtra,B+,2.69,545,123000,360,24,82.93,43163,99,Technology,79.8,50640,79.0,52557,Increasing: 79.80->80.90->81.70,High
794,2024,JEE,CAP Round 1,OPEN,Pune University,Other University,Engineering,Electrical Engineering,06289,"TSSM's Bhivarabai Sawant College of Engineering and Research, Pune",Private,Pune,Pune,Maharashtra,B+,2.68,610,103000,480,19,75.42,295597,53,Technology,77.9,266433,77.1,275993,Increasing: 76.00->77.10->77.90,Medium
795,2024,MHT CET,CAP Round 3,OPEN,Mumbai University,Home University,Engineering,Artificial Intelligence and Data Science,03184,"Fr. Conceicao Rodrigues College of Engineering, Bandra, Mumbai",Private,Mumbai,Mumbai,Maharashtra,A,3.22,270,160000,600,33,92.09,20141,70,Technology,96.4,9425,95.6,11086,Increasing: 94.50->95.60->96.40,Low
796,2024,JEE,CAP Round 3,OBC,Mumbai University,Other University,Engineering,Cyber Security,03182,"Thadomal Shahani Engineering College, Bandra, Mumbai",Private,Mumbai,Mumbai,Maharashtra,A,3.29,225,180000,660,23,99.95,1312,87,Technology,96.5,42452,95.7,53378,Increasing: 94.60->95.70->96.50,High
797,2024,MHT CET,CAP Round 1,OPEN,Mumbai University,Other University,Engineering,Mechanical Engineering,03123,"Lokmanya Tilak College of Engineering, Mumbai Region",Private,Mumbai,Mumbai,Maharashtra,A,3.0,435,128000,600,30,89.97,25445,72,Mechanical,86.7,33551,85.9,35498,Increasing: 84.80->85.90->86.70,High
798,2022,MHT CET,CAP Round 2,OBC,Pune University,Home University,Engineering,Civil Engineering,06290,"NBN Sinhgad School of Engineering, Pune",Private,Pune,Pune,Maharashtra,B+,2.63,630,101000,420,15,61.28,96925,69,Civil,64.4,89189,63.6,91587,Increasing: 64.40->65.50->66.30,Low
799,2022,MHT CET,CAP Round 1,SC,Mumbai University,All India,Engineering,Mechanical Engineering,03101,"Veermata Jijabai Technological Institute (VJTI), Mumbai",Govt,Mumbai,Mumbai,Maharashtra,A++,3.72,84,85000,720,4,92.74,18368,78,Mechanical,92.2,19726,91.4,21700,Increasing: 92.20->93.30->94.10,Medium
800,2022,JEE,CAP Round 2,VJNT,Pune University,All India,Engineering,Computer Engineering,06155,"G.H. Raisoni College of Engineering and Management, Wagholi, Pune",Private,Pune,Pune,Maharashtra,A,3.02,510,107000,660,7,71.76,340230,73,Technology,80.1,239048,79.3,249776,Increasing: 80.10->81.20->82.00,Low
801,2023,JEE,CAP Round 2,VJNT,Pune University,Home University,Engineering,Robotics and Automation,06325,"Alard College of Engineering and Management, Pune",Private,Pune,Pune,Maharashtra,B+,2.66,620,100000,420,5,74.95,301859,82,Technology,69.9,361323,68.8,374462,Increasing: 68.80->69.90->70.70,High
802,2024,MHT CET,CAP Round 2,OBC,Pune University,Home University,Engineering,Computer Engineering,06278,"All India Shri Shivaji Memorial Society's College of Engineering, Pune",Private,Pune,Pune,Maharashtra,A+,3.35,320,127000,720,23,88.08,30292,78,Technology,91.2,22067,90.4,24221,Increasing: 89.30->90.40->91.20,Low
803,2022,JEE,CAP Round 3,ST,Mumbai University,Home University,Engineering,Electrical Engineering,03122,"Datta Meghe College of Engineering, Mumbai Region",Private,Mumbai,Mumbai,Maharashtra,A,3.07,400,131000,600,6,66.39,404692,73,Technology,74.6,304933,73.8,315248,Increasing: 74.60->75.70->76.50,Low
804,2022,JEE,CAP Round 3,VJNT,Pune University,All India,Engineering,Robotics and Automation,06155,"G.H. Raisoni College of Engineering and Management, Wagholi, Pune",Private,Pune,Pune,Maharashtra,A,3.02,510,107000,660,4,68.94,373201,88,Technology,76.4,284800,75.6,293785,Increasing: 76.40->77.50->78.30,Low
805,2024,MHT CET,CAP Round 1,ST,Pune University,Other University,Engineering,Artificial Intelligence and Data Science,06290,"NBN Sinhgad School of Engineering, Pune",Private,Pune,Pune,Maharashtra,B+,2.62,630,96000,420,4,74.6,63711,78,Technology,69.1,77292,68.3,79446,Increasing: 67.20->68.30->69.10,High
806,2024,MHT CET,CAP Round 1,ST,Pune University,Home University,Engineering,Computer Engineering,06291,"RMD Sinhgad School of Engineering, Pune",Private,Pune,Pune,Maharashtra,B++,2.81,590,112000,480,7,66.56,83899,87,Technology,71.2,72160,70.4,74186,Increasing: 69.30->70.40->71.20,Low
807,2022,MHT CET,CAP Round 2,OBC,Mumbai University,Other University,Engineering,Information Technology,03185,"Vivekanand Education Society's Institute of Technology, Chembur, Mumbai",Private,Mumbai,Mumbai,Maharashtra,A+,3.35,285,155000,720,17,90.55,23950,76,Technology,92.8,18454,92.0,20085,Increasing: 92.80->93.90->94.70,Medium
808,2024,JEE,CAP Round 1,OBC,Pune University,Other University,Engineering,Electrical Engineering,06155,"G.H. Raisoni College of Engineering and Management, Wagholi, Pune",Private,Pune,Pune,Maharashtra,A,2.97,510,122000,660,17,84.17,191280,79,Technology,81.4,224958,80.6,233497,Increasing: 79.50->80.60->81.40,High
809,2023,JEE,CAP Round 1,VJNT,Pune University,All India,Engineering,Computer Engineering,06139,"Progressive Education Society's Modern College of Engineering, Pune",Private,Pune,Pune,Maharashtra,A,3.05,390,123000,660,5,85.82,170442,76,Technology,89.7,123909,88.6,137751,Increasing: 88.60->89.70->90.50,Low
810,2023,MHT CET,CAP Round 1,OBC,Pune University,Home University,Engineering,Electronics and Telecommunication Engineering,06277,"Bharati Vidyapeeth College of Engineering, Pune",Private,Pune,Pune,Maharashtra,A+,3.43,250,150000,720,16,86.68,33354,83,Technology,92.2,19959,91.1,22353,Increasing: 91.10->92.20->93.00,Low
811,2022,JEE,CAP Round 3,OBC,Mumbai University,Other University,Engineering,Electrical Engineering,03125,"M.H. Saboo Siddik College of Engineering, Mumbai",Private,Mumbai,Mumbai,Maharashtra,A,2.97,475,122000,420,13,76.21,286455,86,Technology,79.3,249390,78.5,258912,Increasing: 79.30->80.40->81.20,Low
812,2022,MHT CET,CAP Round 3,VJNT,Mumbai University,Home University,Engineering,Artificial Intelligence and Data Science,03125,"M.H. Saboo Siddik College of Engineering, Mumbai",Private,Mumbai,Mumbai,Maharashtra,A,2.98,475,132000,420,4,71.09,72402,73,Technology,78.8,53089,78.0,55124,Increasing: 78.80->79.90->80.70,Low
813,2023,MHT CET,CAP Round 1,OPEN,Mumbai University,All India,Engineering,Computer Engineering,03117,"Watumull Institute of Electronics Engineering and Computer Technology, Worli, Mumbai",Private,Mumbai,Mumbai,Maharashtra,B+,2.7,545,128000,360,13,81.56,46228,71,Technology,85.7,36060,84.6,39046,Increasing: 84.60->85.70->86.50,Low
814,2024,MHT CET,CAP Round 1,VJNT,Mumbai University,Other University,Engineering,Mechanical Engineering,03119,"MGM College of Engineering and Technology, Mumbai Region",Private,Mumbai,Mumbai,Maharashtra,B+,2.75,525,125000,480,6,73.91,65313,70,Mechanical,76.2,59956,75.4,62029,Increasing: 74.30->75.40->76.20,Medium
815,2022,MHT CET,CAP Round 1,OPEN,Pune University,Home University,Engineering,Information Technology,06272,"Pune Institute of Computer Technology, Pune",Private,Pune,Pune,Maharashtra,A+,3.56,101,125000,660,26,99.95,641,65,Technology,99.95,544,99.95,384,Stable: 99.95->99.95->99.95,Medium
816,2024,MHT CET,CAP Round 3,OPEN,Mumbai University,Other University,Engineering,Civil Engineering,03112,"Xavier Institute of Engineering, Mahim, Mumbai",Private,Mumbai,Mumbai,Maharashtra,A,3.03,460,130000,420,20,80.74,48679,77,Civil,81.3,47076,80.5,49137,Increasing: 79.40->80.50->81.30,Medium
817,2024,JEE,CAP Round 2,EWS,Pune University,All India,Engineering,Civil Engineering,06276,"Army Institute of Technology, Pune",Private,Pune,Pune,Maharashtra,A,3.29,180,190000,480,6,88.59,137793,63,Civil,94.3,69014,93.5,79644,Increasing: 92.40->93.50->94.30,Low
818,2022,JEE,CAP Round 1,EWS,Pune University,All India,Engineering,Electronics and Telecommunication Engineering,06271,"COEP Technological University, Pune",Govt,Pune,Pune,Maharashtra,A++,3.75,73,55000,720,10,92.16,95347,87,Technology,99.95,813,99.95,2071,Stable: 99.95->99.95->99.95,Low
819,2023,MHT CET,CAP Round 2,VJNT,Pune University,Home University,Engineering,Civil Engineering,06272,"Pune Institute of Computer Technology, Pune",Private,Pune,Pune,Maharashtra,A+,3.53,101,120000,660,4,89.35,26836,60,Civil,89.5,26751,88.4,29567,Increasing: 88.40->89.50->90.30,Medium
820,2022,MHT CET,CAP Round 3,OPEN,Pune University,Other University,Engineering,Artificial Intelligence and Data Science,06289,"TSSM's Bhivarabai Sawant College of Engineering and Research, Pune",Private,Pune,Pune,Maharashtra,B+,2.69,610,93000,480,19,70.39,74476,78,Technology,75.5,61686,74.7,63621,Increasing: 75.50->76.60->77.40,Low
821,2024,MHT CET,CAP Round 1,VJNT,Mumbai University,Home University,Engineering,Civil Engineering,03121,"Pillai College of Engineering, Mumbai Region",Private,Mumbai,Mumbai,Maharashtra,A,3.05,410,133000,660,6,78.15,54997,68,Civil,80.3,49635,79.5,51671,Increasing: 78.40->79.50->80.30,Medium
822,2024,MHT CET,CAP Round 1,VJNT,Pune University,All India,Engineering,Chemical Engineering,06272,"Pune Institute of Computer Technology, Pune",Private,Pune,Pune,Maharashtra,A+,3.58,101,125000,660,4,98.6,3686,71,Science,95.7,11101,94.9,12911,Increasing: 93.80->94.90->95.70,High
823,2022,MHT CET,CAP Round 2,EWS,Mumbai University,All India,Engineering,Civil Engineering,03111,"Rizvi College of Engineering, Bandra, Mumbai",Private,Mumbai,Mumbai,Maharashtra,B++,2.88,505,130000,480,11,71.41,72001,56,Civil,76.4,59494,75.6,61284,Increasing: 76.40->77.50->78.30,Low
824,2023,JEE,CAP Round 2,EWS,Pune University,Home University,Engineering,Information Technology,06277,"Bharati Vidyapeeth College of Engineering, Pune",Private,Pune,Pune,Maharashtra,A+,3.38,250,145000,720,15,95.46,54691,48,Technology,94.4,68171,93.3,80682,Increasing: 93.30->94.40->95.20,Medium
825,2023,MHT CET,CAP Round 2,VJNT,Pune University,All India,Engineering,Information Technology,06292,"Zeal College of Engineering and Research, Pune",Private,Pune,Pune,Maharashtra,B++,2.77,570,110000,540,7,72.52,69178,85,Technology,75.5,61352,74.4,64075,Increasing: 74.40->75.50->76.30,Medium
826,2024,MHT CET,CAP Round 2,OPEN,Mumbai University,Other University,Engineering,Information Technology,03117,"Watumull Institute of Electronics Engineering and Computer Technology, Worli, Mumbai",Private,Mumbai,Mumbai,Maharashtra,B+,2.67,545,118000,360,15,84.69,38525,82,Technology,83.2,42050,82.4,44484,Increasing: 81.30->82.40->83.20,Medium
827,2022,MHT CET,CAP Round 1,EWS,Pune University,All India,Engineering,Artificial Intelligence and Data Science,06275,"Maharashtra Institute of Technology, Pune",Private,Pune,Pune,Maharashtra,A,3.26,230,175000,720,6,93.19,17349,67,Technology,98.0,5194,97.2,7576,Increasing: 98.00->99.10->99.90,Low
828,2023,JEE,CAP Round 2,OPEN,Pune University,Other University,Engineering,Civil Engineering,06271,"COEP Technological University, Pune",Govt,Pune,Pune,Maharashtra,A++,3.74,73,40000,720,32,89.59,126023,62,Civil,97.7,29145,96.6,41433,Increasing: 96.60->97.70->98.50,Low
829,2023,JEE,CAP Round 3,VJNT,Pune University,All India,Engineering,Artificial Intelligence and Data Science,06289,"TSSM's Bhivarabai Sawant College of Engineering and Research, Pune",Private,Pune,Pune,Maharashtra,B+,2.7,610,98000,480,4,75.45,294907,96,Technology,73.2,322661,72.1,336304,Increasing: 72.10->73.20->74.00,Medium
830,2023,MHT CET,CAP Round 1,OBC,Mumbai University,Home University,Engineering,Mechanical Engineering,03117,"Watumull Institute of Electronics Engineering and Computer Technology, Worli, Mumbai",Private,Mumbai,Mumbai,Maharashtra,B+,2.69,545,128000,360,9,78.45,54267,76,Mechanical,75.2,62071,74.1,64945,Increasing: 74.10->75.20->76.00,High
831,2024,MHT CET,CAP Round 3,EWS,Pune University,Other University,Engineering,Mechanical Engineering,06283,"Indira College of Engineering and Management, Pune",Private,Pune,Pune,Maharashtra,B++,2.93,520,100000,540,8,73.56,66397,69,Mechanical,75.7,60922,74.9,63185,Increasing: 73.80->74.90->75.70,Medium
832,2024,JEE,CAP Round 3,OBC,Mumbai University,Other University,Engineering,Civil Engineering,03112,"Xavier Institute of Engineering, Mahim, Mumbai",Private,Mumbai,Mumbai,Maharashtra,A,2.99,460,135000,420,9,80.12,240087,58,Civil,79.3,248643,78.5,258926,Increasing: 77.40->78.50->79.30,Medium
833,2024,MHT CET,CAP Round 3,OBC,Mumbai University,All India,Engineering,Electrical Engineering,03104,"K. J. Somaiya College of Engineering, Mumbai",Private,Mumbai,Mumbai,Maharashtra,A,3.29,210,230000,720,17,99.65,1102,74,Technology,93.8,15582,93.0,17875,Increasing: 91.90->93.00->93.80,High
834,2023,JEE,CAP Round 2,EWS,Pune University,Home University,Engineering,Information Technology,06274,"MIT World Peace University School of Engineering, Pune",Private,Pune,Pune,Maharashtra,A+,3.45,199,275000,840,5,96.62,40923,64,Technology,96.9,38403,95.8,51422,Increasing: 95.80->96.90->97.70,Medium
835,2024,JEE,CAP Round 1,ST,Pune University,All India,Engineering,Chemical Engineering,06272,"Pune Institute of Computer Technology, Pune",Private,Pune,Pune,Maharashtra,A+,3.53,101,135000,660,4,95.07,59837,51,Science,91.7,99816,90.9,109293,Increasing: 89.80->90.90->91.70,High
836,2023,MHT CET,CAP Round 3,OBC,Pune University,Home University,Engineering,Cyber Security,06289,"TSSM's Bhivarabai Sawant College of Engineering and Research, Pune",Private,Pune,Pune,Maharashtra,B+,2.64,610,103000,480,15,67.22,82219,85,Technology,71.7,71020,70.6,73885,Increasing: 70.60->71.70->72.50,Low
837,2024,JEE,CAP Round 1,OBC,Pune University,Home University,Engineering,Information Technology,06273,"Vishwakarma Institute of Technology, Bibwewadi, Pune",Private,Pune,Pune,Maharashtra,A++,3.64,151,190000,900,26,97.92,25507,95,Technology,99.95,2228,99.95,687,Increasing: 98.90->99.95->99.95,Medium
838,2023,MHT CET,CAP Round 2,EWS,Mumbai University,Other University,Engineering,Computer Engineering,03123,"Lokmanya Tilak College of Engineering, Mumbai Region",Private,Mumbai,Mumbai,Maharashtra,A,3.03,435,138000,600,11,79.68,51388,83,Technology,87.8,30588,86.7,33776,Increasing: 86.70->87.80->88.60,Low
839,2023,MHT CET,CAP Round 3,OBC,Pune University,Other University,Engineering,Computer Engineering,06155,"G.H. Raisoni College of Engineering and Management, Wagholi, Pune",Private,Pune,Pune,Maharashtra,A,3.03,510,112000,660,16,78.04,55192,67,Technology,80.4,49228,79.3,51913,Increasing: 79.30->80.40->81.20,Medium
840,2022,MHT CET,CAP Round 3,ST,Pune University,All India,Engineering,Electrical Engineering,06280,"Sinhgad College of Engineering, Vadgaon, Pune",Private,Pune,Pune,Maharashtra,A,3.12,350,135000,900,4,74.66,63746,82,Technology,77.4,56528,76.6,58791,Increasing: 77.40->78.50->79.30,Medium
841,2023,JEE,CAP Round 2,OPEN,Mumbai University,Other University,Engineering,Cyber Security,03124,"Saraswati College of Engineering, Mumbai Region",Private,Mumbai,Mumbai,Maharashtra,B+,2.69,580,112000,420,17,83.2,203341,80,Technology,81.1,228209,80.0,240548,Increasing: 80.00->81.10->81.90,Medium
842,2022,JEE,CAP Round 3,SC,Pune University,All India,Engineering,Information Technology,06276,"Army Institute of Technology, Pune",Private,Pune,Pune,Maharashtra,A,3.33,180,195000,480,12,84.91,182450,83,Technology,91.7,100143,90.9,109461,Increasing: 91.70->92.80->93.60,Low
843,2024,MHT CET,CAP Round 3,OBC,Mumbai University,Other University,Engineering,Mechanical Engineering,03120,"Terna Engineering College, Mumbai Region",Private,Mumbai,Mumbai,Maharashtra,B+,2.67,550,125000,480,20,79.94,50590,69,Mechanical,73.5,66590,72.7,68552,Increasing: 71.60->72.70->73.50,High
844,2024,JEE,CAP Round 1,EWS,Pune University,Other University,Engineering,Computer Engineering,06285,"Dhole Patil College of Engineering, Pune",Private,Pune,Pune,Maharashtra,B+,2.73,600,93000,480,4,76.05,287955,74,Technology,81.1,228112,80.3,236481,Increasing: 79.20->80.30->81.10,Low
845,2023,JEE,CAP Round 3,OPEN,Mumbai University,Home University,Engineering,Mechanical Engineering,03118,"SIES Graduate School of Technology, Mumbai Region",Private,Mumbai,Mumbai,Maharashtra,A,3.13,375,142000,600,30,87.69,148289,44,Mechanical,85.0,180121,83.9,194259,Increasing: 83.90->85.00->85.80,High
846,2024,MHT CET,CAP Round 3,ST,Pune University,Home University,Engineering,Mechanical Engineering,06271,"COEP Technological University, Pune",Govt,Pune,Pune,Maharashtra,A++,3.74,73,55000,720,5,89.83,25540,82,Mechanical,86.3,34794,85.5,36638,Increasing: 84.40->85.50->86.30,High
847,2023,JEE,CAP Round 2,ST,Pune University,All India,Engineering,Civil Engineering,06206,"Pune District Education Association's College of Engineering, Pune",Private,Pune,Pune,Maharashtra,B++,2.83,560,90000,420,4,65.3,417266,70,Civil,65.8,410856,64.7,423849,Increasing: 64.70->65.80->66.60,Medium
848,2023,MHT CET,CAP Round 3,VJNT,Pune University,Home University,Engineering,Information Technology,06146,"MIT Academy of Engineering, Alandi, Pune",Private,Pune,Pune,Maharashtra,A,3.23,310,175000,840,5,90.71,23524,66,Technology,87.0,32662,85.9,35636,Increasing: 85.90->87.00->87.80,High
849,2023,MHT CET,CAP Round 1,OBC,Pune University,Other University,Engineering,Artificial Intelligence and Data Science,06279,"Dr. D. Y. Patil Institute of Technology, Pimpri, Pune",Private,Pune,Pune,Maharashtra,A,3.19,260,135000,780,26,89.5,26762,62,Technology,95.3,12333,94.2,14990,Increasing: 94.20->95.30->96.10,Low
850,2024,MHT CET,CAP Round 2,ST,Mumbai University,Other University,Engineering,Mechanical Engineering,03110,"Atharva College of Engineering, Malad, Mumbai",Private,Mumbai,Mumbai,Maharashtra,B++,2.88,490,132000,600,7,77.57,56439,55,Mechanical,71.7,71065,70.9,73054,Increasing: 69.80->70.90->71.70,High
851,2022,MHT CET,CAP Round 1,OPEN,Pune University,Other University,Engineering,Information Technology,06146,"MIT Academy of Engineering, Alandi, Pune",Private,Pune,Pune,Maharashtra,A,3.23,310,170000,840,41,92.15,20080,72,Technology,95.3,11773,94.5,14171,Increasing: 95.30->96.40->97.20,Low
852,2022,JEE,CAP Round 1,VJNT,Mumbai University,Other University,Engineering,Robotics and Automation,03104,"K. J. Somaiya College of Engineering, Mumbai",Private,Mumbai,Mumbai,Maharashtra,A,3.27,210,225000,720,4,98.87,15154,74,Technology,95.0,60850,94.2,70571,Increasing: 95.00->96.10->96.90,High
853,2024,JEE,CAP Round 2,OBC,Mumbai University,Other University,Engineering,Chemical Engineering,03116,"St. Francis Institute of Technology, Borivali, Mumbai",Private,Mumbai,Mumbai,Maharashtra,A,3.16,360,155000,660,25,84.65,185547,60,Science,87.1,155300,86.3,165902,Increasing: 85.20->86.30->87.10,Medium
854,2023,JEE,CAP Round 3,EWS,Mumbai University,Home University,Engineering,Robotics and Automation,03122,"Datta Meghe College of Engineering, Mumbai Region",Private,Mumbai,Mumbai,Maharashtra,A,3.05,400,131000,600,6,79.63,245057,76,Technology,85.4,176382,84.3,189168,Increasing: 84.30->85.40->86.20,Low
855,2024,JEE,CAP Round 3,OPEN,Pune University,All India,Engineering,Information Technology,06285,"Dhole Patil College of Engineering, Pune",Private,Pune,Pune,Maharashtra,B+,2.73,600,98000,480,21,81.96,217279,59,Technology,79.6,245616,78.8,254892,Increasing: 77.70->78.80->79.60,Medium
856,2024,MHT CET,CAP Round 2,EWS,Pune University,Other University,Engineering,Electrical Engineering,06275,"Maharashtra Institute of Technology, Pune",Private,Pune,Pune,Maharashtra,A,3.26,230,185000,720,9,96.37,9463,88,Technology,93.6,16351,92.8,18096,Increasing: 91.70->92.80->93.60,High
857,2022,JEE,CAP Round 1,OBC,Pune University,All India,Engineering,Computer Engineering,06283,"Indira College of Engineering and Management, Pune",Private,Pune,Pune,Maharashtra,B++,2.88,520,115000,540,12,77.01,277432,86,Technology,83.1,204579,82.3,214106,Increasing: 83.10->84.20->85.00,Low
858,2022,MHT CET,CAP Round 3,ST,Mumbai University,Home University,Engineering,Artificial Intelligence and Data Science,03110,"Atharva College of Engineering, Malad, Mumbai",Private,Mumbai,Mumbai,Maharashtra,B++,2.87,490,142000,600,5,70.9,72973,56,Technology,72.8,68392,72.0,70451,Increasing: 72.80->73.90->74.70,Medium
859,2022,MHT CET,CAP Round 3,OBC,Mumbai University,Home University,Engineering,Information Technology,03148,"Shah & Anchor Kutchhi Engineering College, Chembur, Mumbai",Private,Mumbai,Mumbai,Maharashtra,A,3.11,385,150000,600,20,90.03,25455,62,Technology,84.4,39271,83.6,41077,Increasing: 84.40->85.50->86.30,High
860,2022,JEE,CAP Round 2,OBC,Mumbai University,Other University,Engineering,Chemical Engineering,03113,"Rajiv Gandhi Institute of Technology, Andheri, Mumbai",Private,Mumbai,Mumbai,Maharashtra,B++,2.96,485,125000,540,19,80.53,234038,68,Science,78.7,257197,77.9,266280,Increasing: 78.70->79.80->80.60,Medium
861,2022,MHT CET,CAP Round 3,VJNT,Mumbai University,Home University,Engineering,Mechanical Engineering,03125,"M.H. Saboo Siddik College of Engineering, Mumbai",Private,Mumbai,Mumbai,Maharashtra,A,2.98,475,132000,420,4,71.29,72239,75,Mechanical,73.4,66590,72.6,69010,Increasing: 73.40->74.50->75.30,Medium
862,2024,MHT CET,CAP Round 3,OBC,Mumbai University,Other University,Engineering,Electrical Engineering,03114,"Don Bosco Institute of Technology, Kurla, Mumbai",Private,Mumbai,Mumbai,Maharashtra,B++,2.86,500,133000,480,9,72.68,68512,74,Technology,78.7,53537,77.9,55400,Increasing: 76.80->77.90->78.70,Low
863,2024,JEE,CAP Round 1,OPEN,Pune University,Home University,Engineering,Artificial Intelligence and Data Science,06146,"MIT Academy of Engineering, Alandi, Pune",Private,Pune,Pune,Maharashtra,A,3.24,310,175000,840,36,91.27,105198,73,Technology,97.4,32139,96.6,41271,Increasing: 95.50->96.60->97.40,Low
864,2022,MHT CET,CAP Round 3,SC,Mumbai University,Home University,Engineering,Mechanical Engineering,03124,"Saraswati College of Engineering, Mumbai Region",Private,Mumbai,Mumbai,Maharashtra,B+,2.69,580,122000,420,5,64.02,90275,64,Mechanical,64.4,89117,63.6,91385,Increasing: 64.40->65.50->66.30,Medium
865,2023,JEE,CAP Round 2,ST,Pune University,Other University,Engineering,Chemical Engineering,06325,"Alard College of Engineering and Management, Pune",Private,Pune,Pune,Maharashtra,B+,2.62,620,95000,420,9,69.28,369239,66,Science,63.3,441439,62.2,454816,Increasing: 62.20->63.30->64.10,High
866,2024,JEE,CAP Round 1,ST,Mumbai University,Other University,Engineering,Chemical Engineering,03112,"Xavier Institute of Engineering, Mahim, Mumbai",Private,Mumbai,Mumbai,Maharashtra,A,3.01,460,145000,420,4,78.2,262969,66,Science,77.1,274924,76.3,284995,Increasing: 75.20->76.30->77.10,Medium
867,2022,MHT CET,CAP Round 1,EWS,Mumbai University,Home University,Engineering,Mechanical Engineering,03123,"Lokmanya Tilak College of Engineering, Mumbai Region",Private,Mumbai,Mumbai,Maharashtra,A,3.05,435,128000,600,4,74.06,64958,77,Mechanical,81.8,45855,81.0,47568,Increasing: 81.80->82.90->83.70,Low
868,2024,MHT CET,CAP Round 3,EWS,Mumbai University,Home University,Engineering,Computer Engineering,03118,"SIES Graduate School of Technology, Mumbai Region",Private,Mumbai,Mumbai,Maharashtra,A,3.09,375,137000,600,9,89.0,27897,84,Technology,88.7,28327,87.9,30536,Increasing: 86.80->87.90->88.70,Medium
869,2022,MHT CET,CAP Round 1,SC,Mumbai University,All India,Engineering,Chemical Engineering,03148,"Shah & Anchor Kutchhi Engineering College, Chembur, Mumbai",Private,Mumbai,Mumbai,Maharashtra,A,3.11,385,135000,600,5,83.29,42275,73,Science,80.3,49328,79.5,51643,Increasing: 80.30->81.40->82.20,High
870,2023,MHT CET,CAP Round 3,EWS,Pune University,Other University,Engineering,Electronics and Telecommunication Engineering,06276,"Army Institute of Technology, Pune",Private,Pune,Pune,Maharashtra,A,3.29,180,185000,480,5,97.62,6118,47,Technology,94.9,12942,93.8,15666,Increasing: 93.80->94.90->95.70,High
871,2022,JEE,CAP Round 2,OBC,Mumbai University,Other University,Engineering,Chemical Engineering,03184,"Fr. Conceicao Rodrigues College of Engineering, Bandra, Mumbai",Private,Mumbai,Mumbai,Maharashtra,A,3.23,270,165000,600,21,81.78,219014,69,Science,89.9,122240,89.1,131192,Increasing: 89.90->91.00->91.80,Low
872,2023,JEE,CAP Round 2,ST,Pune University,All India,Engineering,Cyber Security,06275,"Maharashtra Institute of Technology, Pune",Private,Pune,Pune,Maharashtra,A,3.23,230,185000,720,4,89.75,123191,83,Technology,89.2,131321,88.1,143357,Increasing: 88.10->89.20->90.00,Medium
873,2022,MHT CET,CAP Round 2,ST,Pune University,Other University,Engineering,Mechanical Engineering,06282,"JSPM Rajarshi Shahu College of Engineering, Tathawade, Pune",Private,Pune,Pune,Maharashtra,A,3.03,420,110000,780,8,70.4,74149,74,Mechanical,73.3,67325,72.5,68897,Increasing: 73.30->74.40->75.20,Medium
874,2024,JEE,CAP Round 2,OPEN,Pune University,All India,Engineering,Chemical Engineering,06325,"Alard College of Engineering and Management, Pune",Private,Pune,Pune,Maharashtra,B+,2.66,620,90000,420,15,79.26,249744,73,Science,74.7,304335,73.9,314503,Increasing: 72.80->73.90->74.70,High
875,2022,MHT CET,CAP Round 1,ST,Pune University,All India,Engineering,Robotics and Automation,06155,"G.H. Raisoni College of Engineering and Management, Wagholi, Pune",Private,Pune,Pune,Maharashtra,A,3.0,510,107000,660,5,70.04,75306,71,Technology,73.6,66377,72.8,68253,Increasing: 73.60->74.70->75.50,Low
876,2023,MHT CET,CAP Round 2,OBC,Mumbai University,Home University,Engineering,Artificial Intelligence and Data Science,03120,"Terna Engineering College, Mumbai Region",Private,Mumbai,Mumbai,Maharashtra,B+,2.7,550,125000,480,19,76.07,59957,73,Technology,78.1,55325,77.0,57551,Increasing: 77.00->78.10->78.90,Medium
877,2024,JEE,CAP Round 1,OBC,Pune University,Home University,Engineering,Electrical Engineering,06271,"COEP Technological University, Pune",Govt,Pune,Pune,Maharashtra,A++,3.72,73,55000,720,23,91.37,105121,80,Technology,99.2,10036,98.4,19748,Increasing: 97.30->98.40->99.20,Low
878,2023,MHT CET,CAP Round 1,EWS,Mumbai University,Home University,Engineering,Mechanical Engineering,03125,"M.H. Saboo Siddik College of Engineering, Mumbai",Private,Mumbai,Mumbai,Maharashtra,A,3.03,475,122000,420,4,73.34,66850,73,Mechanical,80.9,48130,79.8,50816,Increasing: 79.80->80.90->81.70,Low
879,2023,JEE,CAP Round 3,ST,Pune University,Other University,Engineering,Cyber Security,06291,"RMD Sinhgad School of Engineering, Pune",Private,Pune,Pune,Maharashtra,B++,2.8,590,107000,480,4,74.02,313345,88,Technology,68.4,380465,67.3,393043,Increasing: 67.30->68.40->69.20,High
880,2022,JEE,CAP Round 1,VJNT,Mumbai University,Home University,Engineering,Mechanical Engineering,03139,"Vidyalankar Institute of Technology, Wadala, Mumbai",Private,Mumbai,Mumbai,Maharashtra,A+,3.3,340,145000,720,6,89.88,122615,73,Mechanical,84.9,182485,84.1,191575,Increasing: 84.90->86.00->86.80,High
881,2024,MHT CET,CAP Round 3,EWS,Pune University,Other University,Engineering,Information Technology,06155,"G.H. Raisoni College of Engineering and Management, Wagholi, Pune",Private,Pune,Pune,Maharashtra,A,3.0,510,122000,660,4,73.69,65924,71,Technology,81.7,45871,80.9,47972,Increasing: 79.80->80.90->81.70,Low
882,2022,MHT CET,CAP Round 1,VJNT,Mumbai University,Home University,Engineering,Electrical Engineering,03118,"SIES Graduate School of Technology, Mumbai Region",Private,Mumbai,Mumbai,Maharashtra,A,3.11,375,137000,600,4,82.64,43549,71,Technology,82.8,43310,82.0,45461,Increasing: 82.80->83.90->84.70,Medium
883,2024,MHT CET,CAP Round 3,EWS,Mumbai University,Home University,Engineering,Mechanical Engineering,03104,"K. J. Somaiya College of Engineering, Mumbai",Private,Mumbai,Mumbai,Maharashtra,A,3.32,210,225000,720,14,88.03,30352,69,Mechanical,91.5,21337,90.7,23595,Increasing: 89.60->90.70->91.50,Low
884,2022,MHT CET,CAP Round 2,SC,Mumbai University,Other University,Engineering,Computer Engineering,03123,"Lokmanya Tilak College of Engineering, Mumbai Region",Private,Mumbai,Mumbai,Maharashtra,A,3.04,435,138000,600,6,76.44,59478,82,Technology,81.0,47842,80.2,50050,Increasing: 81.00->82.10->82.90,Low
885,2024,JEE,CAP Round 3,ST,Mumbai University,Home University,Engineering,Information Technology,03110,"Atharva College of Engineering, Malad, Mumbai",Private,Mumbai,Mumbai,Maharashtra,B++,2.89,490,137000,600,6,79.48,247578,70,Technology,75.3,297494,74.5,306363,Increasing: 73.40->74.50->75.30,High
886,2023,JEE,CAP Round 3,ST,Mumbai University,Home University,Engineering,Computer Engineering,03110,"Atharva College of Engineering, Malad, Mumbai",Private,Mumbai,Mumbai,Maharashtra,B++,2.91,490,127000,600,6,81.69,220269,67,Technology,75.2,297760,74.1,310891,Increasing: 74.10->75.20->76.00,High
887,2022,MHT CET,CAP Round 1,ST,Pune University,Home University,Engineering,Electrical Engineering,06271,"COEP Technological University, Pune",Govt,Pune,Pune,Maharashtra,A++,3.76,73,55000,720,4,86.77,33482,73,Technology,89.3,26993,88.5,28825,Increasing: 89.30->90.40->91.20,Medium
888,2022,MHT CET,CAP Round 2,EWS,Pune University,All India,Engineering,Electrical Engineering,06288,"Genba Sopanrao Moze College of Engineering, Pune",Private,Pune,Pune,Maharashtra,B,2.44,700,90000,360,9,64.78,88601,69,Technology,66.8,83280,66.0,85247,Increasing: 66.80->67.90->68.70,Medium
889,2024,JEE,CAP Round 3,ST,Mumbai University,Home University,Engineering,Robotics and Automation,03101,"Veermata Jijabai Technological Institute (VJTI), Mumbai",Govt,Mumbai,Mumbai,Maharashtra,A++,3.71,84,85000,720,4,91.72,100958,79,Technology,90.8,110559,90.0,121387,Increasing: 88.90->90.00->90.80,Medium
890,2022,MHT CET,CAP Round 1,ST,Mumbai University,Home University,Engineering,Computer Engineering,03122,"Datta Meghe College of Engineering, Mumbai Region",Private,Mumbai,Mumbai,Maharashtra,A,3.06,400,146000,600,5,76.1,60278,70,Technology,80.8,48258,80.0,50176,Increasing: 80.80->81.90->82.70,Low
891,2023,MHT CET,CAP Round 2,ST,Pune University,Home University,Engineering,Mechanical Engineering,06292,"Zeal College of Engineering and Research, Pune",Private,Pune,Pune,Maharashtra,B++,2.82,570,100000,540,9,66.72,83590,66,Mechanical,63.7,90862,62.6,93664,Increasing: 62.60->63.70->64.50,High
892,2024,JEE,CAP Round 3,OBC,Mumbai University,Other University,Engineering,Mechanical Engineering,03139,"Vidyalankar Institute of Technology, Wadala, Mumbai",Private,Mumbai,Mumbai,Maharashtra,A+,3.32,340,145000,720,17,81.88,218185,58,Mechanical,86.8,159940,86.0,169332,Increasing: 84.90->86.00->86.80,Low
893,2022,JEE,CAP Round 2,SC,Pune University,Home University,Engineering,Artificial Intelligence and Data Science,06279,"Dr. D. Y. Patil Institute of Technology, Pimpri, Pune",Private,Pune,Pune,Maharashtra,A,3.15,260,135000,780,7,90.83,110848,75,Technology,87.5,151188,86.7,160465,Increasing: 87.50->88.60->89.40,High
894,2024,MHT CET,CAP Round 3,ST,Pune University,All India,Engineering,Robotics and Automation,06325,"Alard College of Engineering and Management, Pune",Private,Pune,Pune,Maharashtra,B+,2.66,620,105000,420,5,69.52,76623,100,Technology,65.3,86914,64.5,88843,Increasing: 63.40->64.50->65.30,High
895,2024,JEE,CAP Round 3,ST,Pune University,Other University,Engineering,Electrical Engineering,06155,"G.H. Raisoni College of Engineering and Management, Wagholi, Pune",Private,Pune,Pune,Maharashtra,A,2.99,510,122000,660,4,64.24,429380,90,Technology,71.2,346384,70.4,355322,Increasing: 69.30->70.40->71.20,Low
896,2023,MHT CET,CAP Round 1,VJNT,Pune University,Home University,Engineering,Information Technology,06272,"Pune Institute of Computer Technology, Pune",Private,Pune,Pune,Maharashtra,A+,3.52,101,120000,660,8,99.95,507,87,Technology,97.7,5980,96.6,8616,Increasing: 96.60->97.70->98.50,Medium
897,2024,MHT CET,CAP Round 2,OBC,Pune University,Other University,Engineering,Electrical Engineering,06139,"Progressive Education Society's Modern College of Engineering, Pune",Private,Pune,Pune,Maharashtra,A,3.08,390,113000,660,19,78.38,54452,71,Technology,84.9,38083,84.1,40041,Increasing: 83.00->84.10->84.90,Low
898,2023,JEE,CAP Round 3,SC,Mumbai University,Other University,Engineering,Artificial Intelligence and Data Science,03123,"Lokmanya Tilak College of Engineering, Mumbai Region",Private,Mumbai,Mumbai,Maharashtra,A,3.05,435,123000,600,5,86.95,158348,79,Technology,81.6,221596,80.5,235170,Increasing: 80.50->81.60->82.40,High
899,2024,JEE,CAP Round 3,ST,Mumbai University,Home University,Engineering,Electronics and Telecommunication Engineering,03184,"Fr. Conceicao Rodrigues College of Engineering, Bandra, Mumbai",Private,Mumbai,Mumbai,Maharashtra,A,3.2,270,160000,600,6,88.25,142060,88,Technology,85.0,180430,84.2,190376,Increasing: 83.10->84.20->85.00,High
900,2023,MHT CET,CAP Round 3,ST,Pune University,All India,Engineering,Chemical Engineering,06206,"Pune District Education Association's College of Engineering, Pune",Private,Pune,Pune,Maharashtra,B++,2.82,560,90000,420,4,57.02,107521,82,Science,65.2,87338,64.1,89858,Increasing: 64.10->65.20->66.00,Low
901,2022,MHT CET,CAP Round 1,ST,Mumbai University,Other University,Engineering,Electronics and Telecommunication Engineering,03124,"Saraswati College of Engineering, Mumbai Region",Private,Mumbai,Mumbai,Maharashtra,B+,2.65,580,117000,420,10,72.67,68388,76,Technology,69.3,76885,68.5,79174,Increasing: 69.30->70.40->71.20,High
902,2024,MHT CET,CAP Round 2,ST,Pune University,All India,Engineering,Information Technology,06291,"RMD Sinhgad School of Engineering, Pune",Private,Pune,Pune,Maharashtra,B++,2.8,590,107000,480,4,73.08,67349,79,Technology,70.3,74388,69.5,76706,Increasing: 68.40->69.50->70.30,High
903,2024,JEE,CAP Round 3,OPEN,Pune University,Home University,Engineering,Civil Engineering,06146,"MIT Academy of Engineering, Alandi, Pune",Private,Pune,Pune,Maharashtra,A,3.2,310,160000,840,40,81.09,228045,79,Civil,87.6,149210,86.8,159738,Increasing: 85.70->86.80->87.60,Low
904,2022,MHT CET,CAP Round 1,ST,Pune University,Home University,Engineering,Artificial Intelligence and Data Science,06283,"Indira College of Engineering and Management, Pune",Private,Pune,Pune,Maharashtra,B++,2.92,520,110000,540,4,76.87,58324,87,Technology,73.0,67568,72.2,69943,Increasing: 73.00->74.10->74.90,High
905,2023,MHT CET,CAP Round 1,ST,Mumbai University,All India,Engineering,Electronics and Telecommunication Engineering,03114,"Don Bosco Institute of Technology, Kurla, Mumbai",Private,Mumbai,Mumbai,Maharashtra,B++,2.89,500,128000,480,9,70.22,74997,65,Technology,76.0,60455,74.9,63154,Increasing: 74.90->76.00->76.80,Low
906,2022,JEE,CAP Round 3,OPEN,Pune University,Other University,Engineering,Cyber Security,06283,"Indira College of Engineering and Management, Pune",Private,Pune,Pune,Maharashtra,B++,2.88,520,110000,540,22,81.41,224321,81,Technology,81.3,225750,80.5,235413,Increasing: 81.30->82.40->83.20,Medium
907,2022,JEE,CAP Round 2,VJNT,Mumbai University,Home University,Engineering,Electrical Engineering,03119,"MGM College of Engineering and Technology, Mumbai Region",Private,Mumbai,Mumbai,Maharashtra,B+,2.74,525,130000,480,5,78.56,258302,67,Technology,73.8,314969,73.0,325110,Increasing: 73.80->74.90->75.70,High
908,2022,MHT CET,CAP Round 2,OPEN,Mumbai University,All India,Engineering,Computer Engineering,03112,"Xavier Institute of Engineering, Mahim, Mumbai",Private,Mumbai,Mumbai,Maharashtra,A,3.04,460,145000,420,25,91.73,20823,77,Technology,88.1,29943,87.3,31975,Increasing: 88.10->89.20->90.00,High
909,2023,MHT CET,CAP Round 1,OBC,Mumbai University,All India,Engineering,Mechanical Engineering,03148,"Shah & Anchor Kutchhi Engineering College, Chembur, Mumbai",Private,Mumbai,Mumbai,Maharashtra,A,3.08,385,140000,600,14,83.45,41872,67,Mechanical,85.5,36338,84.4,39120,Increasing: 84.40->85.50->86.30,Medium
910,2023,JEE,CAP Round 1,ST,Pune University,Home University,Engineering,Mechanical Engineering,06289,"TSSM's Bhivarabai Sawant College of Engineering and Research, Pune",Private,Pune,Pune,Maharashtra,B+,2.67,610,98000,480,5,67.49,391004,68,Mechanical,64.2,431028,63.1,444070,Increasing: 63.10->64.20->65.00,High
911,2024,JEE,CAP Round 2,SC,Pune University,Home University,Engineering,Mechanical Engineering,06273,"Vishwakarma Institute of Technology, Bibwewadi, Pune",Private,Pune,Pune,Maharashtra,A++,3.59,151,190000,900,15,86.87,158139,61,Mechanical,89.3,129661,88.5,138381,Increasing: 87.40->88.50->89.30,Medium
912,2023,JEE,CAP Round 2,OBC,Pune University,Home University,Engineering,Cyber Security,06292,"Zeal College of Engineering and Research, Pune",Private,Pune,Pune,Maharashtra,B++,2.81,570,105000,540,20,79.64,245717,71,Technology,76.4,284054,75.3,297394,Increasing: 75.30->76.40->77.20,High
913,2023,MHT CET,CAP Round 3,OPEN,Pune University,Home University,Engineering,Information Technology,06278,"All India Shri Shivaji Memorial Society's College of Engineering, Pune",Private,Pune,Pune,Maharashtra,A+,3.37,320,132000,720,31,96.71,8469,58,Technology,91.5,21377,90.4,24276,Increasing: 90.40->91.50->92.30,High
914,2024,JEE,CAP Round 2,OPEN,Pune University,Other University,Engineering,Robotics and Automation,06276,"Army Institute of Technology, Pune",Private,Pune,Pune,Maharashtra,A,3.3,180,180000,480,29,91.94,97254,98,Technology,99.9,1640,99.1,10897,Increasing: 98.00->99.10->99.90,Low
915,2024,JEE,CAP Round 3,EWS,Mumbai University,Home University,Engineering,Artificial Intelligence and Data Science,03120,"Terna Engineering College, Mumbai Region",Private,Mumbai,Mumbai,Maharashtra,B+,2.7,550,125000,480,4,76.35,284334,82,Technology,79.9,242095,79.1,252504,Increasing: 78.00->79.10->79.90,Low
916,2022,JEE,CAP Round 3,EWS,Pune University,Other University,Engineering,Chemical Engineering,06732,"Ajeenkya DY Patil School of Engineering, Lohegaon, Pune",Private,Pune,Pune,Maharashtra,B++,2.87,540,120000,600,11,65.76,412525,58,Science,73.7,316345,72.9,325926,Increasing: 73.70->74.80->75.60,Low
917,2023,MHT CET,CAP Round 2,VJNT,Pune University,Other University,Engineering,Chemical Engineering,06290,"NBN Sinhgad School of Engineering, Pune",Private,Pune,Pune,Maharashtra,B+,2.63,630,91000,420,4,64.72,88385,71,Science,66.3,84832,65.2,87245,Increasing: 65.20->66.30->67.10,Medium
918,2024,JEE,CAP Round 1,OPEN,Pune University,Other University,Engineering,Robotics and Automation,06325,"Alard College of Engineering and Management, Pune",Private,Pune,Pune,Maharashtra,B+,2.67,620,95000,420,23,82.03,216232,68,Technology,78.9,253870,78.1,262879,Increasing: 77.00->78.10->78.90,High
919,2024,MHT CET,CAP Round 2,VJNT,Mumbai University,Other University,Engineering,Civil Engineering,03182,"Thadomal Shahani Engineering College, Bandra, Mumbai",Private,Mumbai,Mumbai,Maharashtra,A,3.29,225,195000,660,8,89.73,26268,72,Civil,88.8,28567,88.0,30205,Increasing: 86.90->88.00->88.80,Medium
920,2024,MHT CET,CAP Round 1,VJNT,Mumbai University,Home University,Engineering,Cyber Security,03184,"Fr. Conceicao Rodrigues College of Engineering, Bandra, Mumbai",Private,Mumbai,Mumbai,Maharashtra,A,3.2,270,170000,600,4,90.53,24220,79,Technology,93.9,15689,93.1,17442,Increasing: 92.00->93.10->93.90,Low
921,2023,JEE,CAP Round 3,OBC,Mumbai University,Other University,Engineering,Electronics and Telecommunication Engineering,03122,"Datta Meghe College of Engineering, Mumbai Region",Private,Mumbai,Mumbai,Maharashtra,A,3.07,400,131000,600,17,78.59,258714,76,Technology,85.2,178692,84.1,192415,Increasing: 84.10->85.20->86.00,Low
922,2023,MHT CET,CAP Round 2,OPEN,Mumbai University,Home University,Engineering,Chemical Engineering,03118,"SIES Graduate School of Technology, Mumbai Region",Private,Mumbai,Mumbai,Maharashtra,A,3.08,375,147000,600,27,78.47,54208,87,Science,85.6,36077,84.5,39004,Increasing: 84.50->85.60->86.40,Low
923,2022,MHT CET,CAP Round 3,SC,Mumbai University,All India,Engineering,Computer Engineering,03123,"Lokmanya Tilak College of Engineering, Mumbai Region",Private,Mumbai,Mumbai,Maharashtra,A,3.03,435,133000,600,6,83.72,41041,79,Technology,80.4,49424,79.6,51305,Increasing: 80.40->81.50->82.30,High
924,2023,MHT CET,CAP Round 1,OPEN,Mumbai University,Home University,Engineering,Mechanical Engineering,03116,"St. Francis Institute of Technology, Borivali, Mumbai",Private,Mumbai,Mumbai,Maharashtra,A,3.19,360,155000,660,27,85.67,36328,82,Mechanical,88.7,28657,87.6,31030,Increasing: 87.60->88.70->89.50,Low
925,2022,MHT CET,CAP Round 2,EWS,Pune University,Other University,Engineering,Electrical Engineering,06274,"MIT World Peace University School of Engineering, Pune",Private,Pune,Pune,Maharashtra,A+,3.46,199,280000,840,16,95.7,11044,71,Technology,92.7,18618,91.9,20497,Increasing: 92.70->93.80->94.60,High
926,2023,MHT CET,CAP Round 3,OBC,Mumbai University,All India,Engineering,Information Technology,03124,"Saraswati College of Engineering, Mumbai Region",Private,Mumbai,Mumbai,Maharashtra,B+,2.65,580,117000,420,11,72.93,67878,71,Technology,76.8,58351,75.7,60993,Increasing: 75.70->76.80->77.60,Low
927,2024,JEE,CAP Round 2,SC,Pune University,All India,Engineering,Artificial Intelligence and Data Science,06276,"Army Institute of Technology, Pune",Private,Pune,Pune,Maharashtra,A,3.32,180,195000,480,4,96.71,40037,94,Technology,95.2,58829,94.4,68825,Increasing: 93.30->94.40->95.20,Medium
928,2022,JEE,CAP Round 3,OBC,Pune University,Home University,Engineering,Electrical Engineering,06175,"Pimpri Chinchwad College of Engineering, Pune",Private,Pune,Pune,Maharashtra,A++,3.58,220,140000,960,28,82.93,205667,90,Technology,89.6,125134,88.8,135623,Increasing: 89.60->90.70->91.50,Low
929,2023,MHT CET,CAP Round 1,OBC,Mumbai University,Other University,Engineering,Information Technology,03185,"Vivekanand Education Society's Institute of Technology, Chembur, Mumbai",Private,Mumbai,Mumbai,Maharashtra,A+,3.33,285,150000,720,27,96.4,9155,82,Technology,95.9,10485,94.8,13570,Increasing: 94.80->95.90->96.70,Medium
930,2023,MHT CET,CAP Round 1,ST,Pune University,All India,Engineering,Civil Engineering,06325,"Alard College of Engineering and Management, Pune",Private,Pune,Pune,Maharashtra,B+,2.64,620,95000,420,4,59.46,101493,83,Civil,63.3,91985,62.2,94973,Increasing: 62.20->63.30->64.10,Low
931,2022,JEE,CAP Round 2,EWS,Pune University,Other University,Engineering,Artificial Intelligence and Data Science,06274,"MIT World Peace University School of Engineering, Pune",Private,Pune,Pune,Maharashtra,A+,3.46,199,270000,840,11,99.95,770,50,Technology,97.4,31329,96.6,41294,Increasing: 97.40->98.50->99.30,High
932,2024,JEE,CAP Round 1,VJNT,Pune University,Other University,Engineering,Mechanical Engineering,06292,"Zeal College of Engineering and Research, Pune",Private,Pune,Pune,Maharashtra,B++,2.77,570,105000,540,7,74.67,305008,94,Mechanical,73.7,316130,72.9,325573,Increasing: 71.80->72.90->73.70,Medium
933,2024,JEE,CAP Round 3,SC,Mumbai University,Other University,Engineering,Mechanical Engineering,03101,"Veermata Jijabai Technological Institute (VJTI), Mumbai",Govt,Mumbai,Mumbai,Maharashtra,A++,3.74,84,95000,720,10,85.92,169048,71,Mechanical,91.3,104679,90.5,115506,Increasing: 89.40->90.50->91.30,Low
934,2022,JEE,CAP Round 3,OBC,Mumbai University,Other University,Engineering,Computer Engineering,03185,"Vivekanand Education Society's Institute of Technology, Chembur, Mumbai",Private,Mumbai,Mumbai,Maharashtra,A+,3.33,285,155000,720,21,84.92,181913,90,Technology,93.3,81718,92.5,90374,Increasing: 93.30->94.40->95.20,Low
935,2023,MHT CET,CAP Round 3,SC,Mumbai University,Other University,Engineering,Electrical Engineering,03111,"Rizvi College of Engineering, Bandra, Mumbai",Private,Mumbai,Mumbai,Maharashtra,B++,2.83,505,135000,480,6,67.11,82493,91,Technology,72.9,68332,71.8,70879,Increasing: 71.80->72.90->73.70,Low
936,2022,MHT CET,CAP Round 1,VJNT,Pune University,Other University,Engineering,Electronics and Telecommunication Engineering,06272,"Pune Institute of Computer Technology, Pune",Private,Pune,Pune,Maharashtra,A+,3.56,101,130000,660,4,92.66,18843,87,Technology,95.8,10742,95.0,12968,Increasing: 95.80->96.90->97.70,Low
937,2023,JEE,CAP Round 1,OPEN,Pune University,All India,Engineering,Cyber Security,06271,"COEP Technological University, Pune",Govt,Pune,Pune,Maharashtra,A++,3.77,73,55000,720,30,99.95,2269,74,Technology,99.95,1297,99.95,891,Stable: 99.95->99.95->99.95,Medium
938,2022,JEE,CAP Round 2,EWS,Pune University,Home University,Engineering,Civil Engineering,06278,"All India Shri Shivaji Memorial Society's College of Engineering, Pune",Private,Pune,Pune,Maharashtra,A+,3.34,320,137000,720,10,85.12,178961,66,Civil,84.6,185222,83.8,195157,Increasing: 84.60->85.70->86.50,Medium
939,2023,MHT CET,CAP Round 3,OBC,Pune University,Other University,Engineering,Electronics and Telecommunication Engineering,06292,"Zeal College of Engineering and Research, Pune",Private,Pune,Pune,Maharashtra,B++,2.77,570,110000,540,17,66.22,85034,64,Technology,73.7,66327,72.6,69095,Increasing: 72.60->73.70->74.50,Low
940,2024,JEE,CAP Round 2,EWS,Pune University,All India,Engineering,Robotics and Automation,06206,"Pune District Education Association's College of Engineering, Pune",Private,Pune,Pune,Maharashtra,B++,2.84,560,85000,420,6,80.08,240305,95,Technology,79.2,251060,78.4,260858,Increasing: 77.30->78.40->79.20,Medium
941,2022,MHT CET,CAP Round 1,SC,Pune University,Home University,Engineering,Information Technology,06271,"COEP Technological University, Pune",Govt,Pune,Pune,Maharashtra,A++,3.76,73,50000,720,14,97.91,5625,91,Technology,95.1,12840,94.3,14639,Increasing: 95.10->96.20->97.00,High
942,2022,MHT CET,CAP Round 2,VJNT,Pune University,All India,Engineering,Information Technology,06277,"Bharati Vidyapeeth College of Engineering, Pune",Private,Pune,Pune,Maharashtra,A+,3.4,250,145000,720,4,91.55,21578,64,Technology,90.9,23284,90.1,24916,Increasing: 90.90->92.00->92.80,Medium
943,2022,MHT CET,CAP Round 1,OPEN,Mumbai University,Other University,Engineering,Cyber Security,03121,"Pillai College of Engineering, Mumbai Region",Private,Mumbai,Mumbai,Maharashtra,A,3.05,410,148000,660,33,87.51,31576,80,Technology,90.5,24040,89.7,26089,Increasing: 90.50->91.60->92.40,Medium
944,2023,JEE,CAP Round 2,ST,Mumbai University,Home University,Engineering,Civil Engineering,03139,"Vidyalankar Institute of Technology, Wadala, Mumbai",Private,Mumbai,Mumbai,Maharashtra,A+,3.34,340,145000,720,9,84.27,189515,67,Civil,77.8,266975,76.7,281040,Increasing: 76.70->77.80->78.60,High
945,2023,MHT CET,CAP Round 3,EWS,Mumbai University,All India,Engineering,Computer Engineering,03121,"Pillai College of Engineering, Mumbai Region",Private,Mumbai,Mumbai,Maharashtra,A,3.04,410,133000,660,9,92.66,18776,84,Technology,88.2,29594,87.1,32413,Increasing: 87.10->88.20->89.00,High
946,2023,JEE,CAP Round 3,OPEN,Mumbai University,All India,Engineering,Electrical Engineering,03185,"Vivekanand Education Society's Institute of Technology, Chembur, Mumbai",Private,Mumbai,Mumbai,Maharashtra,A+,3.34,285,155000,720,34,88.26,142281,90,Technology,94.0,73539,92.9,85422,Increasing: 92.90->94.00->94.80,Low
947,2022,MHT CET,CAP Round 3,EWS,Pune University,Home University,Engineering,Civil Engineering,06274,"MIT World Peace University School of Engineering, Pune",Private,Pune,Pune,Maharashtra,A+,3.45,199,275000,840,15,93.56,16343,67,Civil,87.4,31821,86.6,33642,Increasing: 87.40->88.50->89.30,High
948,2022,MHT CET,CAP Round 2,SC,Pune University,Home University,Engineering,Electronics and Telecommunication Engineering,06273,"Vishwakarma Institute of Technology, Bibwewadi, Pune",Private,Pune,Pune,Maharashtra,A++,3.6,151,200000,900,14,90.41,24365,78,Technology,89.4,26761,88.6,28923,Increasing: 89.40->90.50->91.30,Medium
949,2023,JEE,CAP Round 3,VJNT,Pune University,Other University,Engineering,Civil Engineering,06283,"Indira College of Engineering and Management, Pune",Private,Pune,Pune,Maharashtra,B++,2.91,520,110000,540,4,67.63,389859,60,Civil,71.5,343347,70.4,355667,Increasing: 70.40->71.50->72.30,Low
950,2024,JEE,CAP Round 3,OBC,Mumbai University,Other University,Engineering,Electrical Engineering,03123,"Lokmanya Tilak College of Engineering, Mumbai Region",Private,Mumbai,Mumbai,Maharashtra,A,3.04,435,133000,600,20,87.21,154901,90,Technology,83.2,202447,82.4,212217,Increasing: 81.30->82.40->83.20,High
951,2022,MHT CET,CAP Round 3,ST,Pune University,All India,Engineering,Robotics and Automation,06275,"Maharashtra Institute of Technology, Pune",Private,Pune,Pune,Maharashtra,A,3.26,230,175000,720,4,89.55,26350,90,Technology,84.4,39182,83.6,41201,Increasing: 84.40->85.50->86.30,High
952,2024,MHT CET,CAP Round 1,ST,Pune University,All India,Engineering,Robotics and Automation,06282,"JSPM Rajarshi Shahu College of Engineering, Tathawade, Pune",Private,Pune,Pune,Maharashtra,A,3.01,420,120000,780,4,82.89,43371,87,Technology,81.0,47543,80.2,49733,Increasing: 79.10->80.20->81.00,Medium
953,2023,MHT CET,CAP Round 3,EWS,Mumbai University,Home University,Engineering,Mechanical Engineering,03121,"Pillai College of Engineering, Mumbai Region",Private,Mumbai,Mumbai,Maharashtra,A,3.03,410,143000,660,6,75.2,62264,68,Mechanical,80.7,48412,79.6,51147,Increasing: 79.60->80.70->81.50,Low
954,2023,MHT CET,CAP Round 1,ST,Mumbai University,All India,Engineering,Artificial Intelligence and Data Science,03123,"Lokmanya Tilak College of Engineering, Mumbai Region",Private,Mumbai,Mumbai,Maharashtra,A,3.03,435,123000,600,8,82.17,44969,71,Technology,81.9,45705,80.8,48552,Increasing: 80.80->81.90->82.70,Medium
955,2024,MHT CET,CAP Round 2,OPEN,Pune University,Other University,Engineering,Electrical Engineering,06272,"Pune Institute of Computer Technology, Pune",Private,Pune,Pune,Maharashtra,A+,3.55,101,130000,660,29,96.46,9390,76,Technology,99.4,1886,98.6,3836,Increasing: 97.50->98.60->99.40,Medium
956,2022,JEE,CAP Round 2,OBC,Pune University,All India,Engineering,Electronics and Telecommunication Engineering,06288,"Genba Sopanrao Moze College of Engineering, Pune",Private,Pune,Pune,Maharashtra,B,2.46,700,95000,360,17,72.22,333987,83,Technology,67.9,385850,67.1,396130,Increasing: 67.90->69.00->69.80,High
957,2023,JEE,CAP Round 3,VJNT,Mumbai University,Home University,Engineering,Artificial Intelligence and Data Science,03116,"St. Francis Institute of Technology, Borivali, Mumbai",Private,Mumbai,Mumbai,Maharashtra,A,3.19,360,150000,660,4,91.79,98806,60,Technology,86.9,157952,85.8,171424,Increasing: 85.80->86.90->87.70,High
958,2024,JEE,CAP Round 3,OBC,Pune University,Other University,Engineering,Electronics and Telecommunication Engineering,06276,"Army Institute of Technology, Pune",Private,Pune,Pune,Maharashtra,A,3.3,180,180000,480,9,90.21,117843,92,Technology,95.5,55607,94.7,64210,Increasing: 93.60->94.70->95.50,Low
959,2022,MHT CET,CAP Round 2,ST,Pune University,Home University,Engineering,Information Technology,06272,"Pune Institute of Computer Technology, Pune",Private,Pune,Pune,Maharashtra,A+,3.54,101,120000,660,4,91.13,22387,70,Technology,89.6,26126,88.8,28022,Increasing: 89.60->90.70->91.50,Medium
960,2024,MHT CET,CAP Round 3,OPEN,Mumbai University,Other University,Engineering,Artificial Intelligence and Data Science,03124,"Saraswati College of Engineering, Mumbai Region",Private,Mumbai,Mumbai,Maharashtra,B+,2.64,580,122000,420,20,86.86,33435,76,Technology,80.4,49194,79.6,51315,Increasing: 78.50->79.60->80.40,High
961,2022,JEE,CAP Round 3,SC,Pune University,All India,Engineering,Civil Engineering,06283,"Indira College of Engineering and Management, Pune",Private,Pune,Pune,Maharashtra,B++,2.88,520,115000,540,4,72.05,336008,58,Civil,68.5,379696,67.7,387989,Increasing: 68.50->69.60->70.40,High
962,2022,JEE,CAP Round 2,ST,Pune University,Other University,Engineering,Mechanical Engineering,06732,"Ajeenkya DY Patil School of Engineering, Lohegaon, Pune",Private,Pune,Pune,Maharashtra,B++,2.83,540,120000,600,4,58.28,501871,63,Mechanical,66.3,405982,65.5,414200,Increasing: 66.30->67.40->68.20,Low
963,2024,MHT CET,CAP Round 2,ST,Pune University,All India,Engineering,Artificial Intelligence and Data Science,06285,"Dhole Patil College of Engineering, Pune",Private,Pune,Pune,Maharashtra,B+,2.7,600,93000,480,4,67.86,80646,88,Technology,70.2,74922,69.4,76646,Increasing: 68.30->69.40->70.20,Medium
964,2023,JEE,CAP Round 3,SC,Mumbai University,Other University,Engineering,Artificial Intelligence and Data Science,03101,"Veermata Jijabai Technological Institute (VJTI), Mumbai",Govt,Mumbai,Mumbai,Maharashtra,A++,3.73,84,90000,720,5,95.76,52669,78,Technology,95.9,50842,94.8,63924,Increasing: 94.80->95.90->96.70,Medium
965,2023,JEE,CAP Round 2,ST,Mumbai University,Home University,Engineering,Computer Engineering,03104,"K. J. Somaiya College of Engineering, Mumbai",Private,Mumbai,Mumbai,Maharashtra,A,3.31,210,225000,720,4,90.84,110517,64,Technology,90.4,116601,89.3,129694,Increasing: 89.30->90.40->91.20,Medium
966,2022,JEE,CAP Round 3,EWS,Pune University,All India,Engineering,Artificial Intelligence and Data Science,06279,"Dr. D. Y. Patil Institute of Technology, Pimpri, Pune",Private,Pune,Pune,Maharashtra,A,3.2,260,135000,780,10,89.53,125864,65,Technology,93.8,75016,93.0,84808,Increasing: 93.80->94.90->95.70,Low
967,2022,MHT CET,CAP Round 1,VJNT,Pune University,All India,Engineering,Electronics and Telecommunication Engineering,06271,"COEP Technological University, Pune",Govt,Pune,Pune,Maharashtra,A++,3.77,73,50000,720,10,92.79,18429,74,Technology,97.4,6742,96.6,8708,Increasing: 97.40->98.50->99.30,Low
968,2024,JEE,CAP Round 3,OBC,Pune University,Other University,Engineering,Artificial Intelligence and Data Science,06272,"Pune Institute of Computer Technology, Pune",Private,Pune,Pune,Maharashtra,A+,3.56,101,125000,660,22,92.78,88082,93,Technology,99.9,1933,99.1,11904,Increasing: 98.00->99.10->99.90,Low
969,2023,MHT CET,CAP Round 3,SC,Mumbai University,Other University,Engineering,Civil Engineering,03112,"Xavier Institute of Engineering, Mahim, Mumbai",Private,Mumbai,Mumbai,Maharashtra,A,3.04,460,130000,420,4,68.07,80381,73,Civil,73.0,68031,71.9,70664,Increasing: 71.90->73.00->73.80,Low
970,2024,JEE,CAP Round 1,SC,Mumbai University,Home University,Engineering,Artificial Intelligence and Data Science,03103,"Dwarkadas J. Sanghvi College of Engineering, Mumbai",Private,Mumbai,Mumbai,Maharashtra,A+,3.53,160,205000,720,10,98.19,22454,68,Technology,97.1,35009,96.3,45690,Increasing: 95.20->96.30->97.10,Medium
971,2024,MHT CET,CAP Round 2,OBC,Mumbai University,Other University,Engineering,Cyber Security,03103,"Dwarkadas J. Sanghvi College of Engineering, Mumbai",Private,Mumbai,Mumbai,Maharashtra,A+,3.51,160,220000,720,17,97.18,7090,98,Technology,99.1,2632,98.3,4649,Increasing: 97.20->98.30->99.10,Medium
972,2023,JEE,CAP Round 3,ST,Mumbai University,All India,Engineering,Civil Engineering,03111,"Rizvi College of Engineering, Bandra, Mumbai",Private,Mumbai,Mumbai,Maharashtra,B++,2.84,505,140000,480,4,65.85,411000,90,Civil,69.1,371112,68.0,385555,Increasing: 68.00->69.10->69.90,Low
973,2023,JEE,CAP Round 3,ST,Mumbai University,All India,Engineering,Electronics and Telecommunication Engineering,03124,"Saraswati College of Engineering, Mumbai Region",Private,Mumbai,Mumbai,Maharashtra,B+,2.63,580,122000,420,10,65.25,418130,61,Technology,68.8,375708,67.7,388234,Increasing: 67.70->68.80->69.60,Low
974,2023,MHT CET,CAP Round 3,OPEN,Pune University,All India,Engineering,Civil Engineering,06278,"All India Shri Shivaji Memorial Society's College of Engineering, Pune",Private,Pune,Pune,Maharashtra,A+,3.38,320,127000,720,31,82.07,45062,75,Civil,87.1,32744,86.0,35395,Increasing: 86.00->87.10->87.90,Low
975,2022,MHT CET,CAP Round 3,EWS,Pune University,All India,Engineering,Electrical Engineering,06274,"MIT World Peace University School of Engineering, Pune",Private,Pune,Pune,Maharashtra,A+,3.46,199,270000,840,8,90.5,24088,77,Technology,92.1,19872,91.3,22117,Increasing: 92.10->93.20->94.00,Medium
976,2024,JEE,CAP Round 1,SC,Pune University,All India,Engineering,Robotics and Automation,06155,"G.H. Raisoni College of Engineering and Management, Wagholi, Pune",Private,Pune,Pune,Maharashtra,A,2.99,510,112000,660,6,79.66,244360,81,Technology,79.0,253158,78.2,262078,Increasing: 77.10->78.20->79.00,Medium
977,2023,MHT CET,CAP Round 3,SC,Pune University,Other University,Engineering,Information Technology,06139,"Progressive Education Society's Modern College of Engineering, Pune",Private,Pune,Pune,Maharashtra,A,3.07,390,113000,660,4,74.53,64062,71,Technology,81.7,46284,80.6,49029,Increasing: 80.60->81.70->82.50,Low
978,2023,MHT CET,CAP Round 1,SC,Mumbai University,Other University,Engineering,Computer Engineering,03123,"Lokmanya Tilak College of Engineering, Mumbai Region",Private,Mumbai,Mumbai,Maharashtra,A,3.0,435,133000,600,13,83.92,40727,83,Technology,84.1,40163,83.0,42546,Increasing: 83.00->84.10->84.90,Medium
979,2022,JEE,CAP Round 2,OBC,Mumbai University,All India,Engineering,Information Technology,03184,"Fr. Conceicao Rodrigues College of Engineering, Bandra, Mumbai",Private,Mumbai,Mumbai,Maharashtra,A,3.22,270,175000,600,17,98.96,12900,70,Technology,95.1,59784,94.3,68659,Increasing: 95.10->96.20->97.00,High
980,2022,MHT CET,CAP Round 2,ST,Pune University,Other University,Engineering,Electronics and Telecommunication Engineering,06732,"Ajeenkya DY Patil School of Engineering, Lohegaon, Pune",Private,Pune,Pune,Maharashtra,B++,2.84,540,125000,600,4,60.24,99759,72,Technology,68.3,79309,67.5,81800,Increasing: 68.30->69.40->70.20,Low
981,2022,MHT CET,CAP Round 3,OBC,Mumbai University,Other University,Engineering,Chemical Engineering,03118,"SIES Graduate School of Technology, Mumbai Region",Private,Mumbai,Mumbai,Maharashtra,A,3.07,375,137000,600,13,73.2,67028,79,Science,81.5,46400,80.7,48526,Increasing: 81.50->82.60->83.40,Low
982,2023,JEE,CAP Round 3,ST,Mumbai University,Home University,Engineering,Cyber Security,03117,"Watumull Institute of Electronics Engineering and Computer Technology, Worli, Mumbai",Private,Mumbai,Mumbai,Maharashtra,B+,2.68,545,123000,360,4,73.67,316138,81,Technology,70.7,352947,69.6,364892,Increasing: 69.60->70.70->71.50,High
983,2023,JEE,CAP Round 3,OBC,Pune University,All India,Engineering,Electrical Engineering,06271,"COEP Technological University, Pune",Govt,Pune,Pune,Maharashtra,A++,3.73,73,45000,720,16,98.49,19636,79,Technology,97.0,37568,95.9,50390,Increasing: 95.90->97.00->97.80,Medium
984,2022,JEE,CAP Round 1,OBC,Pune University,Home University,Engineering,Information Technology,06139,"Progressive Education Society's Modern College of Engineering, Pune",Private,Pune,Pune,Maharashtra,A,3.06,390,128000,660,16,93.91,74308,69,Technology,88.1,143899,87.3,152755,Increasing: 88.10->89.20->90.00,High
985,2024,MHT CET,CAP Round 1,OPEN,Mumbai University,Home University,Engineering,Electrical Engineering,03123,"Lokmanya Tilak College of Engineering, Mumbai Region",Private,Mumbai,Mumbai,Maharashtra,A,3.05,435,123000,600,31,92.8,18517,75,Technology,87.2,32251,86.4,34389,Increasing: 85.30->86.40->87.20,High
986,2023,MHT CET,CAP Round 1,VJNT,Pune University,Home University,Engineering,Chemical Engineering,06277,"Bharati Vidyapeeth College of Engineering, Pune",Private,Pune,Pune,Maharashtra,A+,3.37,250,140000,720,4,81.87,45526,53,Science,87.6,31206,86.5,34047,Increasing: 86.50->87.60->88.40,Low
987,2023,MHT CET,CAP Round 2,OPEN,Mumbai University,Home University,Engineering,Chemical Engineering,03185,"Vivekanand Education Society's Institute of Technology, Chembur, Mumbai",Private,Mumbai,Mumbai,Maharashtra,A+,3.39,285,155000,720,32,88.42,29103,82,Science,91.1,22571,90.0,25514,Increasing: 90.00->91.10->91.90,Medium
988,2022,MHT CET,CAP Round 3,OBC,Pune University,Home University,Engineering,Robotics and Automation,06282,"JSPM Rajarshi Shahu College of Engineering, Tathawade, Pune",Private,Pune,Pune,Maharashtra,A,3.0,420,115000,780,27,85.9,35841,98,Technology,81.1,47375,80.3,49447,Increasing: 81.10->82.20->83.00,High
989,2023,MHT CET,CAP Round 2,EWS,Mumbai University,Home University,Engineering,Mechanical Engineering,03185,"Vivekanand Education Society's Institute of Technology, Chembur, Mumbai",Private,Mumbai,Mumbai,Maharashtra,A+,3.34,285,160000,720,11,91.49,21851,79,Mechanical,88.9,28225,87.8,30996,Increasing: 87.80->88.90->89.70,High
990,2024,MHT CET,CAP Round 3,ST,Pune University,Home University,Engineering,Computer Engineering,06274,"MIT World Peace University School of Engineering, Pune",Private,Pune,Pune,Maharashtra,A+,3.43,199,270000,840,8,84.24,39795,81,Technology,88.0,30429,87.2,32024,Increasing: 86.10->87.20->88.00,Low
991,2022,MHT CET,CAP Round 2,OBC,Pune University,All India,Engineering,Artificial Intelligence and Data Science,06282,"JSPM Rajarshi Shahu College of Engineering, Tathawade, Pune",Private,Pune,Pune,Maharashtra,A,3.0,420,115000,780,28,86.79,33192,58,Technology,86.3,34356,85.5,36418,Increasing: 86.30->87.40->88.20,Medium
992,2023,MHT CET,CAP Round 2,OBC,Pune University,Home University,Engineering,Electrical Engineering,06290,"NBN Sinhgad School of Engineering, Pune",Private,Pune,Pune,Maharashtra,B+,2.62,630,91000,420,18,67.08,82545,62,Technology,68.4,79596,67.3,81844,Increasing: 67.30->68.40->69.20,Medium
993,2022,JEE,CAP Round 1,ST,Mumbai University,Home University,Engineering,Mechanical Engineering,03122,"Datta Meghe College of Engineering, Mumbai Region",Private,Mumbai,Mumbai,Maharashtra,A,3.08,400,146000,600,11,78.14,263798,74,Mechanical,76.1,288313,75.3,297100,Increasing: 76.10->77.20->78.00,Medium
994,2024,JEE,CAP Round 3,OBC,Pune University,All India,Engineering,Cyber Security,06283,"Indira College of Engineering and Management, Pune",Private,Pune,Pune,Maharashtra,B++,2.93,520,105000,540,22,84.82,183939,64,Technology,80.8,232034,80.0,240917,Increasing: 78.90->80.00->80.80,High
995,2024,JEE,CAP Round 1,OBC,Mumbai University,Home University,Engineering,Electrical Engineering,03125,"M.H. Saboo Siddik College of Engineering, Mumbai",Private,Mumbai,Mumbai,Maharashtra,A,2.98,475,127000,420,15,83.59,197622,86,Technology,83.2,202276,82.4,212635,Increasing: 81.30->82.40->83.20,Medium
996,2023,JEE,CAP Round 2,OBC,Pune University,Home University,Engineering,Computer Engineering,06271,"COEP Technological University, Pune",Govt,Pune,Pune,Maharashtra,A++,3.75,73,55000,720,22,92.91,85337,78,Technology,99.95,1595,99.3,9956,Stable: 99.30->99.95->99.95,Low
997,2024,JEE,CAP Round 3,ST,Pune University,Other University,Engineering,Cyber Security,06292,"Zeal College of Engineering and Research, Pune",Private,Pune,Pune,Maharashtra,B++,2.8,570,100000,540,9,64.09,432018,65,Technology,70.2,358380,69.4,368953,Increasing: 68.30->69.40->70.20,Low
998,2023,JEE,CAP Round 1,OPEN,Mumbai University,Other University,Engineering,Computer Engineering,03121,"Pillai College of Engineering, Mumbai Region",Private,Mumbai,Mumbai,Maharashtra,A,3.04,410,133000,660,28,89.2,131100,87,Technology,93.6,77423,92.5,90522,Increasing: 92.50->93.60->94.40,Low
999,2022,MHT CET,CAP Round 3,SC,Mumbai University,Other University,Engineering,Electrical Engineering,03104,"K. J. Somaiya College of Engineering, Mumbai",Private,Mumbai,Mumbai,Maharashtra,A,3.27,210,230000,720,8,88.48,29009,85,Technology,86.8,33390,86.0,35475,Increasing: 86.80->87.90->88.70,Medium
1000,2022,MHT CET,CAP Round 3,EWS,Pune University,Other University,Engineering,Cyber Security,06285,"Dhole Patil College of Engineering, Pune",Private,Pune,Pune,Maharashtra,B+,2.69,600,93000,480,11,73.75,66177,86,Technology,74.0,65538,73.2,67507,Increasing: 74.00->75.10->75.90,Medium
